date,username,to,replies,retweets,favorites,text,geo,mentions,hashtags,id,permalink
2020-03-06 11:23:45,USEmbassyBKK,USAmbThailand,0,2,5,"ท่านทูตดีซอมบรี @USAmbThailand และ พล.อ. พรพิพัฒน์ เบญญศรี ผู้บัญชาการทหารสูงสุด เป็นประธานในพิธีเปิดการฝึกดำเนินกลยุทธ์ด้วยกระสุนจริงและพิธีปิดคอบร้าโกลด์ ประจำปี 2563 #CobraGold2020",,@USAmbThailand,#CobraGold2020,1235888798690500608,https://twitter.com/USEmbassyBKK/status/1235888798690500608
2020-03-06 06:55:16,USEmbassyBKK,,0,1,3," Cobra Gold 20: Cyber operators from six nations join together during second annual Cyber FTX #CG20 #FriendsPartnersAllies",,,#CG20 #FriendsPartnersAllies,1235821230281785344,https://twitter.com/USEmbassyBKK/status/1235821230281785344
2020-03-06 04:01:18,USEmbassyBKK,,0,0,2," คอบร้าโกลด์ 20: รสชาติสองวัฒนธรรม นาวิกโยธินและทหารสหรัฐฯ ร่วมรับประทานอาหารกับทหารไทยระหว่างการฝึกคอบร้าโกลด์ ประจำปี 2563 ครั้งที่ 39 #FriendsPartnersAllies #CG20 pic.twitter.com/XD1TJwCvLX",,,#FriendsPartnersAllies #CG20,1235777449981550592,https://twitter.com/USEmbassyBKK/status/1235777449981550592
2020-03-06 03:59:42,USEmbassyBKK,,0,1,4," Cobra Gold 20: A taste of culture U.S. Marines, Soldiers, and Royal Thai soldiers shared a meal during Exercise Cobra Gold 2020. #CG20 #FriendsPartnersAllies pic.twitter.com/YHYxfa1txX",,,#CG20 #FriendsPartnersAllies,1235777049584955392,https://twitter.com/USEmbassyBKK/status/1235777049584955392
2020-03-05 10:21:16,USEmbassyBKK,USAmbThailand,0,0,2,"ท่านทูตดีซอมบรี @USAmbThailand ร่วมเป็นประธานในพิธีส่งมอบอาคารตามโครงการช่วยเหลือประชาชน #CobraGold2020 โครงการที่ 4 โรงเรียนบ้านกร่าง จ. พิษณุโลก ที่ทหารช่างจากไทย สิงคโปร์ และสหรัฐฯ ร่วมกันวางแผนและก่อสร้างให้กับโรงเรียนและชุมชนได้ใช้ประโยชน์",,@USAmbThailand,#CobraGold2020,1235510684508536832,https://twitter.com/USEmbassyBKK/status/1235510684508536832
2020-03-05 06:39:31,USEmbassyBKK,,0,3,6," Cobra Gold: What It Means to Us #CG20 #FriendsPartnersAllies",,,#CG20 #FriendsPartnersAllies,1235454877544976384,https://twitter.com/USEmbassyBKK/status/1235454877544976384
2020-03-05 06:38:33,USEmbassyBKK,,0,8,11," ทหารไทย-สหรัฐฯ พูดถึงความสำคัญของคอบร้าโกลด์ #CG20 #FriendsPartnersAllies",,,#CG20 #FriendsPartnersAllies,1235454636279992321,https://twitter.com/USEmbassyBKK/status/1235454636279992321
2020-03-05 03:30:00,USEmbassyBKK,,1,0,2," Cobra Gold 20: Royal Thai, US forces commemorate landmine reduction operations with unexploded ordnance destruction. #CG20 #FriendsPartnersAllies",,,#CG20 #FriendsPartnersAllies,1235407184445337600,https://twitter.com/USEmbassyBKK/status/1235407184445337600
2020-03-05 02:24:07,USEmbassyBKK,,1,0,1,"Chargé d’Affaires Michael Heath participated as the U.S. co-chair at the Cobra Gold 2020 Humanitarian Assistance and Disaster Relief Demonstration, along with Thai co-chair Gen. Chaichana Nakkerd, Royal Thai Armed Forces Deputy Chief of Defense. #CG20 #FriendsPartnersAllies",,,#CG20 #FriendsPartnersAllies,1235390605833809920,https://twitter.com/USEmbassyBKK/status/1235390605833809920
2020-03-05 02:23:24,USEmbassyBKK,,0,1,2,"อุปทูตรักษาการแทนเอกอัครราชทูตสหรัฐฯ ไมเคิล ฮีธ และพล.อ. ชัยชนะ นาคเกิด รองผู้บัญชาการทหารสูงสุด เป็นประธานเปิดการฝึกช่วยเหลือด้านมนุษยธรรมและบรรเทาสาธารณภัยในการฝึกคอบร้าโกลด์ประจำปี 2563 ที่ศูนย์ฝึกบรรเทาสาธารณภัย หน่วยบัญชาการทหารพัฒนา ฉะเชิงเทรา #CG20 #FriendsPartnersAllies",,,#CG20 #FriendsPartnersAllies,1235390427081003009,https://twitter.com/USEmbassyBKK/status/1235390427081003009
2020-03-05 01:49:44,USEmbassyBKK,,0,0,0,"Cobra Gold: Partner nations practice noncombatant evacuation operations. #CG20 #FriendsPartnersAllies",,,#CG20 #FriendsPartnersAllies,1235381951684476928,https://twitter.com/USEmbassyBKK/status/1235381951684476928
2020-03-04 08:00:01,USEmbassyBKK,,0,1,1,"III Marine Expeditionary Force Commander Lt. Gen. H. Stacy Clardy joined Royal Thai Armed Forces Deputy Chief of the Joint Staff 1 Gen. Pariphat Phalasin in observing the Cobra Gold 2020 Landmine Disposal event on March 3 at Pakdee Paendin Range, Sa Kaeo Province. #CG20",,,#CG20,1235112747920003072,https://twitter.com/USEmbassyBKK/status/1235112747920003072
2020-03-04 07:54:23,USEmbassyBKK,,0,7,9,"พล.ท. เฮช. สเตซี คลาร์ดี ผู้บัญชาการกองกำลังนาวิกโยธินโพ้นทะเลที่ 3 พร้อมด้วยพล.อ. ปริพัฒน์ ผลาสินธุ์ รองเสนาธิการทหาร (1) กองบัญชาการกองทัพไทย ร่วมชมการฝึกทำลายทุ่นระเบิดเมื่อวันที่ 3 มีนาคม ณ สนามฝึกทางยุทธวิธี บ้านภักดีแผ่นดิน จ. สระแก้ว #CG20 #FriendsPartnersAllies",,,#CG20 #FriendsPartnersAllies,1235111331600072704,https://twitter.com/USEmbassyBKK/status/1235111331600072704
2020-03-04 06:46:29,USEmbassyBKK,,0,3,1,"Cobra Gold 20: US, Thai military strengthen relationships through coordinated amphibious beach landing",,,,1235094243082817536,https://twitter.com/USEmbassyBKK/status/1235094243082817536
2020-03-04 04:26:11,USEmbassyBKK,,0,34,17,"สิบเอก Panuwatr Chuprajak แห่งกองทัพบกสหรัฐฯ ปฏิบัติหน้าที่ล่ามภาษาไทยในการฝึกซ้อมทางทหารคอบร้าโกลด์ ประจำปี 2563 เขาบอกเล่าเรื่องราวการทำงานและเส้นทางการเป็นทหารกับเรา ณ ค่ายสมเด็จพระเอกาทศรถ จ. พิษณุโลก #CG20 #FriendsPartnersAllies",,,#CG20 #FriendsPartnersAllies,1235058937113673728,https://twitter.com/USEmbassyBKK/status/1235058937113673728
2020-03-04 04:25:14,USEmbassyBKK,,0,4,3,"U.S. Army Staff Sgt. Panuwatr Chuprajak, a Thai language translator for exercise Cobra Gold 2020, explains details about his job and his journey into the military on Camp Akathotsarot, Phitsanulok province. #CG20 #FriendsPartnersAllies",,,#CG20 #FriendsPartnersAllies,1235058699820863490,https://twitter.com/USEmbassyBKK/status/1235058699820863490
2020-03-03 01:45:49,USEmbassyBKK,,2,12,19,"ขอเชิญทุกคนร่วมต้อนรับเอกอัครราชทูตไมเคิล ดีซอมบรี และครอบครัว สู่ประเทศไทยกันค่ะ Please join us in welcoming @USAmbThailand Michael DeSombre and his family to Thailand. ",,@USAmbThailand,,1234656191805939712,https://twitter.com/USEmbassyBKK/status/1234656191805939712
2020-03-03 01:33:52,USEmbassyBKK,USAsiaPacific,0,43,22,"ขอแสดงความยินดีกับ @USAmbThailand ท่านทูตไมเคิล ดีซอมบรี เนื่องในโอกาสสาบานตนเข้ารับตำแหน่งเอกอัครราชทูตสหรัฐฯ ประจำประเทศไทย ที่กรุงวอชิงตัน ดี.ซี.",,@USAmbThailand,,1234653184385114112,https://twitter.com/USEmbassyBKK/status/1234653184385114112
2020-03-02 09:10:27,USEmbassyBKK,,0,3,2,"อุปทูตรักษาการแทนเอกอัครราชทูตสหรัฐฯ ไมเคิล ฮีธ และพล.อ. สุพจน์ มาลานิยม รองเสนาธิการทหาร กองบัญชาการกองทัพไทย เป็นประธานเปิดการฝึกอพยพพลเรือนออกจากพื้นที่ขัดแย้ง (NEO) และการฝึกอพยพพลเรือนญี่ปุ่นในต่างประเทศ (RJNO)",,,,1234405700240982016,https://twitter.com/USEmbassyBKK/status/1234405700240982016
2020-03-02 09:09:47,USEmbassyBKK,,0,0,3,"Chargé d’Affaires Michael Heath participated as the U.S. co-chair at the Cobra Gold 2019 Noncombatant Evacuation / Return of Japanese Nationals Overseas exercise on Feb 29 at Utapao Royal Thai Naval Air Station in Rayong.",,,,1234405529566339072,https://twitter.com/USEmbassyBKK/status/1234405529566339072
2020-03-02 06:51:36,USEmbassyBKK,CDCgov,0,5,8,"ปกป้องตัวเองจากโรคติดเชื้อไวรัสโคโรนา 2019 โดยการหลีกเลี่ยงการสัมผัสกับไวรัสและปฏิบัติตามวิธีการป้องกันการแพร่กระจายของเชื้อดังต่อไปนี้ 1) ปิดปากเมื่อไอ 2) หมั่นล้างมือ 3) อยู่บ้านเมื่อป่วย https://bit.ly/37Ay6Cm",,,,1234370757708247040,https://twitter.com/USEmbassyBKK/status/1234370757708247040
2020-03-02 06:15:49,USEmbassyBKK,,0,5,3,"Cobra Gold 20: Royal Thai, US strengthen partnership through humanitarian civic action.",,,,1234361752692744192,https://twitter.com/USEmbassyBKK/status/1234361752692744192
2020-02-29 01:00:25,USEmbassyBKK,,0,5,10,"อุปทูตรักษาการแทนเอกอัครราชทูตสหรัฐฯ ไมเคิล ฮีธ และพล.ร.อ. ชุมศักดิ์ นาควิจิตร ผู้บัญชาการกองเรือยุทธการ เป็นประธานเปิดการฝึกปฏิบัติการยุทธสะเทินน้ำสะเทินบกที่สนามฝึกกองทัพเรือ หาดยาว จ. ชลบุรี",,,,1233557603130781696,https://twitter.com/USEmbassyBKK/status/1233557603130781696
2020-02-29 01:00:25,USEmbassyBKK,,0,3,6,"Chargé d’Affaires Michael Heath participated as the U.S. co-chair with Thai co-chair Adm. Choomsak Nakwijit, Royal Thai Fleet commander in chief, at the Amphibious Exercise at Hat Yao Royal Thai Navy training area in Chonburi Province. #FriendsPartnersAllies #CG20",,,#FriendsPartnersAllies #CG20,1233557602711277568,https://twitter.com/USEmbassyBKK/status/1233557602711277568
2020-02-27 08:28:03,USEmbassyBKK,,0,17,13," โหลดฟรี! นับเป็นครั้งแรกในประวัติศาสตร์ 174 ปีของสถาบันสมิธโซเนียนที่เปิดให้ดาวน์โหลดรูปภาพความละเอียดสูงกว่า 2.8 ล้านภาพจากคลังภาพออนไลน์ เพื่อให้ทุกคนได้ใช้งานได้ฟรี สามารถดาวน์โหลดภาพสองมิติและสามมิติไปใช้สร้างสรรค์งานได้เลยที่ https://www.si.edu/openaccess",,,,1232945475432505345,https://twitter.com/USEmbassyBKK/status/1232945475432505345
2020-02-27 08:27:32,USEmbassyBKK,,0,6,7,"For the first time in its 174-yr history, @smithsonian released 2.8M high-res images onto an open-access online platform for all to use &amp; download for free! ￼ Now YOU can use any of these photos for your own creative purposes! https://www.si.edu/openaccess",,@smithsonian,,1232945345614639106,https://twitter.com/USEmbassyBKK/status/1232945345614639106
2020-02-27 02:55:39,USEmbassyBKK,ArmyChiefStaff,1,26,16,"พล.อ. เจมส์ แมคคอนวิลล์ ผบ.ทบ. สหรัฐฯ @ArmyChiefStaff ต้อนรับ พล.อ. อภิรัชต์ คงสมพงษ์ ผบ.ทบ. ไทย ระหว่างเยือนสหรัฐฯ #FriendsPartnersAllies",,@ArmyChiefStaff,#FriendsPartnersAllies,1232861827580727296,https://twitter.com/USEmbassyBKK/status/1232861827580727296
2020-02-26 04:38:40,USEmbassyBKK,,2,5,9,"อุปทูตรักษาการแทนเอกอัครราชทูตสหรัฐฯ ไมเคิล ฮีธ และพล.อ. พรพิพัฒน์ เบญญศรี ผู้บัญชาการทหารสูงสุด เป็นประธานในพิธีเปิดคอบร้าโกลด์ ครั้งที่ 39 ประจำปี 2563 เมื่อวันที่ 25 ก.พ.โดยมีพล.ต. พีท จอห์นสัน รองผู้บัญชาการกองทัพบกสหรัฐฯ ภาคพื้นแปซิฟิกเข้าร่วมพิธี",,,,1232525362472476672,https://twitter.com/USEmbassyBKK/status/1232525362472476672
2020-02-26 04:37:47,USEmbassyBKK,,0,3,6,"Chargé d’Affaires Michael Heath and General Pornpipat Benyasri, Thailand’s Chief of Defense Forces, presided over the Feb 25 opening ceremony for Cobra Gold 2020, an annual, multilateral exercise co-hosted by Thailand and the United States. #CG20",,,#CG20,1232525139268403200,https://twitter.com/USEmbassyBKK/status/1232525139268403200
2020-02-22 01:26:48,USEmbassyBKK,,22,672,249,"แถลงการณ์กรณีการยุบพรรคอนาคตใหม่ในประเทศไทย https://th.usembassy.gov/th/statement-on-the-dissolution-of-the-future-forward-party-in-thailand-th/",,,,1231027525146628098,https://twitter.com/USEmbassyBKK/status/1231027525146628098
2020-02-22 01:21:38,USEmbassyBKK,,26,1418,514,"Statement on the Dissolution of the Future Forward Party in Thailand",,,,1231026227504439296,https://twitter.com/USEmbassyBKK/status/1231026227504439296
2020-02-21 08:39:18,USEmbassyBKK,,0,4,2,"สหรัฐอเมริกาประกาศความช่วยเหลือเพื่อต่อสู้กับเชื้อไวรัสโคโรนา https://th.usembassy.gov/th/the-united-states-announces-assistance-to-combat-the-novel-coronavirus-th/",,,,1230773979675156481,https://twitter.com/USEmbassyBKK/status/1230773979675156481
2020-02-21 08:38:59,USEmbassyBKK,,0,3,6,"The United States Announces Assistance To Combat the Novel Coronavirus.",,,,1230773901971443712,https://twitter.com/USEmbassyBKK/status/1230773901971443712
2020-02-21 02:46:08,USEmbassyBKK,,0,2,7,"คอบร้าโกลด์: ดีใจที่ได้กลับมาอีกครั้ง! #CG20 #FriendsPartnersAllies ",,,#CG20 #FriendsPartnersAllies,1230685103791144961,https://twitter.com/USEmbassyBKK/status/1230685103791144961
2020-02-21 02:43:48,USEmbassyBKK,,1,4,12,"Cobra Gold: It is good to be back! #CG20 #FriendsPartnersAllies ",,,#CG20 #FriendsPartnersAllies,1230684518274785281,https://twitter.com/USEmbassyBKK/status/1230684518274785281
2020-02-20 10:32:52,USEmbassyBKK,USEmbassyBKK,0,4,3,"รมต. @SecPompeo และ @SecAzar กล่าวเกี่ยวกับการรับมือสถานการณ์ไวรัส COVID-19: สหรัฐฯ ยังคงมุ่งมั่นในการเฝ้าระวังเพื่อปกป้องประชาชนอเมริกัน เรากำลังระดมและแจกจ่ายทรัพยากรไปทั่วโลกเพื่อช่วยเหลือนานาประเทศต่อสู้กับเชื้อไวรัสนี้ อันแสดงถึงน้ำใจของชาวสหรัฐฯ อย่างแท้จริง",,@SecPompeo @SecAzar,,1230440174829625345,https://twitter.com/USEmbassyBKK/status/1230440174829625345
2020-02-20 10:32:26,USEmbassyBKK,,0,1,1,".@SecPompeo &amp; @SecAzar on addressing the #coronavirus: We’re undeterred in our vigilance to protect our people. And we’re mobilizing resources around the world to help other nations fight the disease, too. This is American altruism at its finest.",,@SecPompeo @SecAzar,#coronavirus,1230440066402725898,https://twitter.com/USEmbassyBKK/status/1230440066402725898
2020-02-20 09:32:32,USEmbassyBKK,USEmbassyBKK,0,12,26,"สถานทูตสหรัฐฯ @USEmbassyBKK และกองกำลังเฉพาะกิจร่วมตะวันตก @JIATFWest ภายใต้ @INDOPACOM ร่วมเปิดอาคารฝึกอบรมยุทธวิธีของสำนักงานตำรวจแห่งชาติ อเมริกามอบทุนสร้างอาคารหลังนี้เพื่อช่วยมิตรประเทศต่อต้านอาชญากรรมข้ามชาติและยาเสพติด นำไปสู่ภูมิภาคอินโด-แปซิฟิกที่เสรีและเปิดกว้าง",,@USEmbassyBKK @JIATFWest @INDOPACOM,,1230424988597071873,https://twitter.com/USEmbassyBKK/status/1230424988597071873
2020-02-20 09:32:11,USEmbassyBKK,,0,2,6,".@USEmbassyBKK &amp; @JIATFWest from @INDOPACOM preside over the opening of a US-funded tactical training center facility for the Royal Thai Police - helping #FriendsPartnersAllies in their fight against transnational crime and illicit narcotics for a safe &amp; #FreeandOpenIndoPacific",,@USEmbassyBKK @JIATFWest @INDOPACOM,#FriendsPartnersAllies #FreeandOpenIndoPacific,1230424900831240192,https://twitter.com/USEmbassyBKK/status/1230424900831240192
2020-02-19 03:20:58,USEmbassyBKK,,1,10,18,"Cobra Gold 2020 is coming soon! This is the 39th year of Cobra Gold, a massive military cooperation exercise co-hosted by the United States and Thailand. The U.S.-Thai Military Alliance is forward looking and rooted in history. We are #FriendsPartnersAllies. #CG20",,,#FriendsPartnersAllies #CG20,1229969094008606721,https://twitter.com/USEmbassyBKK/status/1229969094008606721
2020-02-19 03:14:22,USEmbassyBKK,,0,0,12,"การฝึกซ้อมทางทหารคอบร้าโกลด์ปี 2563 ใกล้เข้ามาแล้ว! จัดขึ้นเป็นครั้งที่ 39 เป็นการฝึกซ้อมทางทหารขนาดใหญ่ที่สหรัฐฯ และไทยร่วมกันเป็นเจ้าภาพ พันธมิตรด้านการป้องกันประเทศระหว่างสหรัฐฯ และไทยมีวิสัยทัศน์กว้างไกลและมีมายาวนาน เราคือเพื่อน หุ้นส่วน และมิตรประเทศของกันและกัน #CG20",,,#CG20,1229967433798164483,https://twitter.com/USEmbassyBKK/status/1229967433798164483
2020-02-18 08:38:58,USEmbassyBKK,,0,1,4,"สถานทูตสหรัฐฯ และกองบัญชาการกองทัพไทยร่วมกันแถลงข่าวการฝึกซ้อมทางทหารคอบร้าโกลด์ ประจำปี 2563 เมื่อวันที่ 14 ก.พ. #CG20 การฝึกซ้อมทางทหารระดับพหุภาคีประจำปีที่ใหญ่ที่สุดในภูมิภาคอินโด-แปซิฟิกครั้งที่ 39 เป็นส่วนสำคัญของพันธกรณีของสหรัฐฯ ต่อภูมิภาคอินโด-แปซิฟิกที่เสรีและเปิดกว้าง",,,#CG20,1229686732792135680,https://twitter.com/USEmbassyBKK/status/1229686732792135680
2020-02-18 08:37:56,USEmbassyBKK,,1,6,13,".@USEmbassyBKK and the Royal Thai Armed Forces held the Cobra Gold 2020 announcement press conference Feb 14. #CG20 is the 39th annual #exercise in the series, which is the largest joint multinational military exercise in the Indo-Pacific region.",,@USEmbassyBKK,#CG20 #exercise,1229686471998787584,https://twitter.com/USEmbassyBKK/status/1229686471998787584
2020-02-17 01:00:00,USEmbassyBKK,,1,3,4,"#PresidentsDay วันนี้ สถานทูตสหรัฐฯ ปิดทำการเนื่องในวันประธานาธิบดี เพื่อระลึกถึงชีวิตและผลงานของจอร์จ วอชิงตัน ประธานาธิบดีคนแรกของสหรัฐอเมริกา",,,#PresidentsDay,1229208843995025410,https://twitter.com/USEmbassyBKK/status/1229208843995025410
2020-02-17 01:00:00,USEmbassyBKK,,0,1,5,"The U.S. Embassy is closed in observance of #PresidentsDay today. We honor the life and work of George Washington, the first president of the United States.",,,#PresidentsDay,1229208842912722946,https://twitter.com/USEmbassyBKK/status/1229208842912722946
2020-02-14 12:00:00,USEmbassyBKK,,0,3,5,".@USEmbassyBKK เฉลิมฉลอง 200 ปี แห่งมิตรภาพระหว่างสหรัฐฯ และไทยผ่านดนตรีและการระบำฮูลาของฮาวายในงาน “อะโลฮ่า กรุงเทพฯ: เทศกาลวัฒนธรรมฮาวาย” แดเนียล โฮ ศิลปินชาวฮาวายเจ้าของรางวัลแกรมมี่ 6 ครั้ง และเคย์ลี เซบาโยส นักเต้นระบำฮูลาที่มีชื่อเสียง ร่วมแสดงกับนักดนตรีรับเชิญชาวไทย",,@USEmbassyBKK,,1228287772898684928,https://twitter.com/USEmbassyBKK/status/1228287772898684928
2020-02-14 11:59:00,USEmbassyBKK,,0,3,6,".@USEmbassyBKK celebrated 200 years of U.S. – Thai Friendship with Hawaiian music and hula at “Aloha Bangkok: Hawaiian Festival”. Six-time Grammy Award winner, Daniel Ho and acclaimed Hawaiian Hula dancer, Kealiʻi Ceballos were joined on stage by Thai guest musicians.",,@USEmbassyBKK,,1228287521345306624,https://twitter.com/USEmbassyBKK/status/1228287521345306624
2020-02-14 09:58:38,USEmbassyBKK,,0,0,0,"แดเนียล โฮ นักเล่นอูคูเลเลชาวฮาวาย และเคย์ลี เซบาโยส อาจารย์สอนระบำฮูลา ได้เดินทางมาจัดเวิร์กชอปและคอนเสิร์ตในภูเก็ต พังงา ขอนแก่น และกรุงเทพฯ ร่วมกับนักเรียนและนักดนตรีรับเชิญชาวไทย ระหว่างวันที่ 1-8 กุมภาพันธ์ 2563 https://th.usembassy.gov/th/hawaiian-ukulele-musician-daniel-ho-and-hula-teacher-kealii-ceballos-in-thailand-th/",,,,1228257232267005953,https://twitter.com/USEmbassyBKK/status/1228257232267005953
2020-02-14 09:57:44,USEmbassyBKK,,0,0,0,"Hawaiian ukulele musician Daniel Ho and hula teacher Keali'i Ceballos were in Thailand last week and conducted workshops and concerts with students and Thai guest musicians in Phuket, Phang-nga, Khon Kaen and Bangkok from February 1-8, 2020. https://th.usembassy.gov/hawaiian-ukulele-musician-daniel-ho-and-hula-teacher-kealii-ceballos-in-thailand/",,,,1228257006596714496,https://twitter.com/USEmbassyBKK/status/1228257006596714496
2020-02-13 08:25:07,USEmbassyBKK,,0,4,9,"ว่าที่เอกอัครราชทูตสหรัฐฯ @USAmbThailand ไมเคิล ดีซอมบรี พร้อมด้วยเจ้าหน้าที่และพนักงาน @USEmbassyBKK ร่วมพิธีบวงสรวงศาลพระภูมิประจำปีในวันที่ 13 กุมภาพันธ์ พิธีนี้เป็นโอกาสอันดีที่บุคลากรชาวไทยจะได้เผยแพร่วัฒนธรรมไทยและเสริมสร้างความภาคภูมิใจในประเพณีอันหลากหลายภายในสถานทูต",,@USAmbThailand @USEmbassyBKK,,1227871307284414466,https://twitter.com/USEmbassyBKK/status/1227871307284414466
2020-02-13 08:22:23,USEmbassyBKK,,0,0,1,"On Feb 13, @USAmbThailand-designate Michael Desombre, along with members of @USEmbassyBKK attended annual spirit house propitiating ceremony. The ceremony serves as an opportunity for Embassy’s Thai staff to share Thai culture and to promote diverse traditions within community.",,@USAmbThailand @USEmbassyBKK,,1227870621175934976,https://twitter.com/USEmbassyBKK/status/1227870621175934976
2020-02-13 01:45:00,USEmbassyBKK,,0,1,2,"เมื่อวันที่ 11 กุมภาพันธ์ ศิษย์เก่าโครงการ Young Southeast Asian Leaders Initiative (YSEALI) ต้อนรับว่าที่เอกอัครราชทูตสหรัฐฯ @USAmbThailand ไมเคิล ดีซอมบรี และพูดคุยเกี่ยวกับแนวคิดโครงการเพื่อพัฒนาชุมชนของพวกเขาที่บ้านพักเอกอัครราชทูต",,@USAmbThailand,,1227770614930296832,https://twitter.com/USEmbassyBKK/status/1227770614930296832
2020-02-13 01:43:24,USEmbassyBKK,,1,1,1,"On February 11, YSEALI alumni welcomed @USAmbThailand-designate Michael Desombre at the Ambassador’s residence and discussed their project ideas to improve their communities.",,@USAmbThailand,,1227770212461600768,https://twitter.com/USEmbassyBKK/status/1227770212461600768
2020-02-12 03:28:52,USEmbassyBKK,SecPompeo,0,3,5,"รมว. ต่างประเทศสหรัฐฯ ปอมเปโอ: เราประสานกับองค์กรต่างๆ ในสหรัฐฯ เพื่อส่งอุปกรณ์ป้องกันและเวชภัณฑ์เพิ่มเติมไปยังอู่ฮั่น สิ่งที่องค์กรได้บริจาคนี้จะช่วยชีวิตผู้ที่อยู่ในจีนและปกป้องพวกเขาจาก #ไวรัสโคโรนา",,,,1227434365732491265,https://twitter.com/USEmbassyBKK/status/1227434365732491265
2020-02-12 01:40:07,USEmbassyBKK,,0,0,4,"รัฐบาลสหรัฐอเมริกาจับมือนักคิดแก้ปัญหาฝุ่นควันในภาคเหนือของประเทศไทย #Smogathon2020Th #AirQuality https://th.usembassy.gov/th/u-s-government-convenes-innovators-in-northern-thailand-to-tackle-air-pollution-challenges-th/",,,#Smogathon2020Th #AirQuality,1227406998834040833,https://twitter.com/USEmbassyBKK/status/1227406998834040833
2020-02-12 01:38:29,USEmbassyBKK,,0,3,7,"U.S. Government Convenes Innovators in Northern Thailand to Tackle Air Pollution Challenges: https://th.usembassy.gov/u-s-government-convenes-innovators-in-northern-thailand-to-tackle-air-pollution-challenges/",,,,1227406586559123456,https://twitter.com/USEmbassyBKK/status/1227406586559123456
2020-02-09 02:40:05,USEmbassyBKK,,6,262,297,"The Embassy of the United States of America in Bangkok stands with the people of Thailand, saddened by tragic events in Nakhon Ratchasima. We offer our deepest condolences to the victims and their friends and families.",,,,1226334925558861825,https://twitter.com/USEmbassyBKK/status/1226334925558861825
2020-02-09 02:38:12,USEmbassyBKK,,3,446,207,"สถานเอกอัครราชทูตสหรัฐอเมริกาประจำประเทศไทยจะยืนหยัดเคียงข้างประชาชนไทยเสมอ เรารู้สึกสะเทือนใจอย่างยิ่งต่อเหตุการณ์โศกนาฏกรรมที่เกิดขึ้นในจังหวัดนครราชสีมา และขอแสดงความเสียใจอย่างสุดซึ้งต่อผู้ที่ได้รับผลกระทบ รวมทั้งเพื่อนและครอบครัวของพวกเขา",,,,1226334454488215552,https://twitter.com/USEmbassyBKK/status/1226334454488215552
2020-02-08 06:00:10,USEmbassyBKK,,0,8,1,"ไวรัสโคโรนาสายพันธุ์ใหม่: กรณีมีอาการ",,,,1226022889960411136,https://twitter.com/USEmbassyBKK/status/1226022889960411136
2020-02-08 06:00:08,USEmbassyBKK,,0,3,8," What to do if you have #coronavirus symptoms:",,,#coronavirus,1226022884331720704,https://twitter.com/USEmbassyBKK/status/1226022884331720704
2020-02-08 03:00:12,USEmbassyBKK,,1,4,2," Know the symptoms of #coronavirus! They may appear 2 to 14 days after exposure. For more details, go to: http://ow.ly/G6BZ50yg08W",,,#coronavirus,1225977602629939201,https://twitter.com/USEmbassyBKK/status/1225977602629939201
2020-02-08 03:00:08,USEmbassyBKK,,0,7,3," เรียนรู้ถึงอาการของเชื้อ ไวรัสโคโรนาสายพันธุ์ใหม่ ดูข้อมูลเพิ่มเติมได้ที่ http://ow.ly/EQtX50yg01U",,,,1225977584149835776,https://twitter.com/USEmbassyBKK/status/1225977584149835776
2020-02-07 08:00:40,USEmbassyBKK,,0,6,12,"บริษัทยาของสหรัฐฯ กำลังพยายามพัฒนาวัคซีนเพื่อต่อสู้กับเชื้อไวรัสโคโรนา ซึ่งกำลังระบาดอยู่ทั่วโลก อ่านข้อมูลเพิ่มเติมได้ที่นี่:",,,,1225690827487236099,https://twitter.com/USEmbassyBKK/status/1225690827487236099
2020-02-07 08:00:39,USEmbassyBKK,,0,8,12,"U.S. drug companies are hard at work developing a vaccine to fight the #coronavirus that is spreading around the world . Learn more about their efforts here: http://ow.ly/krHB50yeXrQ",,,#coronavirus,1225690825624969217,https://twitter.com/USEmbassyBKK/status/1225690825624969217
2020-02-07 02:00:00,USEmbassyBKK,,0,2,4,"On Feb 2, DCM Michael Heath and Mr. Greg Wong, @AMCHAMThailand President and Managing Director of @Agoda, welcomed the incoming class of AMCHAM Thailand Foundation scholarship recipients for 2020.",,@AMCHAMThailand @agoda,,1225600065898786816,https://twitter.com/USEmbassyBKK/status/1225600065898786816
2020-02-07 02:00:00,USEmbassyBKK,,0,1,2,"วันที่ 2 ก.พ. อัครราชทูตที่ปรึกษาไมค์ ฮีธ และนายเกร็ก หว่อง ประธาน @amchamthailand ให้การต้อนรับน้องๆนักศึกษาผู้เข้ารับทุนการศึกษาจาก มูลนิธิหอการค้าอเมริกันในประเทศไทยในปี 2563 https://www.amchamthailand.com/2020/02/03/scholarship-student-orientation-camp-2020/",,@AMCHAMThailand,,1225600064455761920,https://twitter.com/USEmbassyBKK/status/1225600064455761920
2020-02-07 01:00:30,USEmbassyBKK,,0,9,9,"เชื้อโรคที่ไม่ตอบสนองต่อยาปฏิชีวนะ เช่น เชื้อไวรัสโคโรนา หรือเชื้อแบคทีเรียดื้อยา กำลังเป็นปัญหาสำคัญทั่วโลก หน่วยงานรัฐบาลสหรัฐฯ จึงเร่งดำเนินการตามแนวคิดและวิธีการรักษาแบบใหม่ๆ อ่านเพิ่มเติมได้ที่นี่:",,,,1225585090509582336,https://twitter.com/USEmbassyBKK/status/1225585090509582336
2020-02-06 07:30:06,USEmbassyBKK,,0,2,2,"มาล้างมืออย่างถูกวิธีกันเถอะ ดูวิธีการล้างมือ 6 ขั้นตอนง่ายๆ เพื่อปกป้องตัวคุณและคนอื่นจากเชื้อโรคอันตรายได้ที่นี่: http://ow.ly/7UHX50yeXfz",,,,1225320747805159426,https://twitter.com/USEmbassyBKK/status/1225320747805159426
2020-02-06 07:30:05,USEmbassyBKK,,0,1,1,"Hand washing matters! Learn how to *properly* wash your hands in 6 simple steps to protect yourself and others from dangerous germs! http://ow.ly/m0n950yeXhh",,,,1225320746030977025,https://twitter.com/USEmbassyBKK/status/1225320746030977025
2020-02-06 07:09:29,USEmbassyBKK,ShareAmerica,0,0,1,"การสำรวจความคิดเห็น (โพล) คืออะไร และมีวิธีการทำอย่างไร การสำรวจความคิดเห็นทางการเมืองช่วยให้เห็นภาพว่าผู้มีสิทธิ์เลือกตั้งจะลงคะแนนเสียงอย่างไร ณ เวลาใดเวลาหนึ่ง ตลอดช่วงการเลือกตั้งของสหรัฐฯ จะมีการสำรวจความคิดเห็นมากมายหลายครั้ง ดูข้อมูลได้ที่นี่: https://go.usa.gov/xdZXC",,,,1225315560965038080,https://twitter.com/USEmbassyBKK/status/1225315560965038080
2020-02-06 07:00:50,USEmbassyBKK,,0,2,1,"Around the world people are concerned about the novel #coronavirus that started in Wuhan, China. Don't panic! Follow these @CDCgov tips to help stay healthy! ",,@CDCgov,#coronavirus,1225313383513067521,https://twitter.com/USEmbassyBKK/status/1225313383513067521
2020-02-06 07:00:19,USEmbassyBKK,,0,2,2,"ผู้คนทั่วโลกกังวลเกี่ยวกับเชื้อไวรัสโคโรนาสายพันธุ์ใหม่ที่เริ่มจากเมืองอู่ฮั่นในประเทศจีน แต่อย่าตื่นตระหนกไป เพราะศูนย์ควบคุมและป้องกันโรคแห่งชาติ สหรัฐฯ มีเคล็ดลับง่ายๆ ในการดูแลสุขภาพของคุณ http://go.usa.gov/xdBAm",,,,1225313252747272192,https://twitter.com/USEmbassyBKK/status/1225313252747272192
2020-02-06 06:49:17,USEmbassyBKK,StateDept,0,1,1,"ประธานาธิบดีทรัมป์กล่าวว่า “เรากำลังประสานงานกับรัฐบาลจีนและทำงานร่วมกันอย่างใกล้ชิดกรณีการระบาดของเชื้อไวรัสโคโรนาในประเทศจีน รัฐบาลสหรัฐฯ จะดำเนินมาตรการที่จำเป็นทุกขั้นตอนเพื่อปกป้องพลเมืองของเราจากภัยคุกคามนี้” #SOTU2020",,,#SOTU2020,1225310476961107968,https://twitter.com/USEmbassyBKK/status/1225310476961107968
2020-02-03 10:00:00,USEmbassyBKK,,0,5,5,"ว่าที่เอกอัครราชทูตสหรัฐฯ @USAmbThailand ไมเคิล ดีซอมบรี ได้รับการต้อนรับแบบไทยๆ จากชมรมพนักงานสถานทูตฯ และแสดงความเคารพศาลพระภูมิหลังเดินทางมาที่สถานทูตเป็นครั้งแรกเมื่อศุกร์ที่ 31 ม.ค. จากนั้นเดินเข้าอาคารพร้อมขอบคุณการปฏิบัติหน้าที่ของนาวิกโยธินสหรัฐฯ ที่มาตั้งแถวต้อนรับ",,@USAmbThailand,,1224271309082742785,https://twitter.com/USEmbassyBKK/status/1224271309082742785
2020-02-03 10:00:00,USEmbassyBKK,,0,0,4,"Michael DeSombre, @USAmbThailand-designate, received a Thai-style welcome from staff committee &amp; paid respect to the compound’s spirit house as he arrived to the Embassy for the first time on Jan 31. He was then greeted by the U.S. Marine Guards &amp; thanked them for their service.",,@USAmbThailand,,1224271308822695936,https://twitter.com/USEmbassyBKK/status/1224271308822695936
2020-02-03 09:11:18,USEmbassyBKK,USEmbassyBKK,0,0,1,"เจ้าหน้าที่จัสแมกไทยชม Super Bowl 2020 ร่วมกับว่าที่เอกอัครราชทูตสหรัฐฯ @USAmbThailand ไมเคิล ดีซอมบรี ช่วงเช้าวันจันทร์ ขอแสดงความยินดีกับชัยชนะของทีมแคนซัสซิตี ชีฟส์ ในครั้งนี้ด้วย",,@USAmbThailand,,1224259053628489728,https://twitter.com/USEmbassyBKK/status/1224259053628489728
2020-02-03 09:10:46,USEmbassyBKK,,0,0,2,"Members of the #JUSMAGThai joined @USAmbThailand-designate Michael DeSombre early Monday morning to watch #SuperBowl2020. Congrats to KC @Chiefs on their win!",,@USAmbThailand @Chiefs,#JUSMAGThai #SuperBowl2020,1224258919700160512,https://twitter.com/USEmbassyBKK/status/1224258919700160512
2020-02-02 03:00:08,USEmbassyBKK,,0,8,12,"The @CDCgov is closely monitoring an outbreak of a novel (new) #coronavirus. Everyone should always take simple daily precautions to help prevent the spread of respiratory illnesses. Learn more: http://CDC.gov/coronavirus.",,@CDCgov,#coronavirus,1223803257996357637,https://twitter.com/USEmbassyBKK/status/1223803257996357637
2020-02-02 03:00:08,USEmbassyBKK,,0,11,7,"ศูนย์ @CDCgov สหรัฐฯ กำลังติดตามสถานการณ์การระบาดของ #ไวรัสโคโรนาสายพันธุ์ใหม่ อย่างใกล้ชิด เราจึงอยากเชิญชวนให้ทุกคนปฏิบัติตามหลักง่ายๆ ทั่วไปอยู่เสมอ เพื่อป้องกันการแพร่กระจายของโรคระบบทางเดินหายใจ ดูข้อมูลเพิ่มเติมได้ที่ http://CDC.gov/coronavirus",,@CDCgov,,1223803257023336448,https://twitter.com/USEmbassyBKK/status/1223803257023336448
2020-02-02 02:00:08,USEmbassyBKK,,0,1,1,"รมต. @HHSgov สหรัฐฯ อเล็กซ์ อาซาร์ @SecAzar ได้ลงนามในประกาศสถานการณ์ฉุกเฉินด้านสาธารณสุข เพื่อรับมือการระบาดของ #ไวรัสโคโรนา สายพันธุ์ใหม่ 2019",,@HHSGov @SecAzar,,1223788157977542656,https://twitter.com/USEmbassyBKK/status/1223788157977542656
2020-02-02 02:00:08,USEmbassyBKK,,0,3,1,"U.S. Secretary of @HHSgov @SecAzar signed a public health emergency declaration in response to the 2019 Novel #Coronavirus outbreak.",,@HHSGov @SecAzar,#Coronavirus,1223788157889544192,https://twitter.com/USEmbassyBKK/status/1223788157889544192
2020-02-01 09:25:16,USEmbassyBKK,StateDept,0,3,4,"ขณะนี้มีการระบาดของ #ไวรัสโคโรนา ซึ่งพบครั้งแรกในเมืองอู่ฮั่น ประเทศจีน และพบผู้ติดเชื้อเพิ่มขึ้นในอีกหลายพื้นที่ อาจมีการประกาศข้อจำกัดในการเดินทางอย่างกระชั้นชิด พลเมืองสหรัฐฯ สามารถติดตามอัพเดทได้ทาง @TravelGov และ http://travel.state.gov",,@TravelGov,,1223537791721705473,https://twitter.com/USEmbassyBKK/status/1223537791721705473
2020-02-01 03:19:09,USEmbassyBKK,,0,8,7,"Health Alert: Thailand Ministry of Public Health announced 19 confirmed cases & first human-to-human transmission of the novel #coronavirus in Thailand. #USCitizens are advised to consult the @CDC and @WHO which provide country-specific info. More:",,@cdc @WHO,#coronavirus #USCitizens,1223445656972550147,https://twitter.com/USEmbassyBKK/status/1223445656972550147
2020-01-30 09:51:16,USEmbassyBKK,USEmbassyBKK,3,5,11,"Chargé Heath greeted the @USAmbThailand-designate, Michael DeSombre, as he arrived at Suvarnabhumi today. Amb. DeSombre was confirmed by the U.S. Senate on Jan 9 and the @USEmbassyBKK &amp; @USConsChiangMai communities welcome him warmly as he prepares to begin his official duties.",,@USAmbThailand @USEmbassyBKK @USConsChiangMai,,1222819559675056128,https://twitter.com/USEmbassyBKK/status/1222819559675056128
2020-01-30 09:49:43,USEmbassyBKK,,2,10,10,"อุปทูต ไมเคิล ฮีธ ต้อนรับว่าที่เอกอัครราชทูตสหรัฐ @USAmbThailand ไมเคิล ดีซอมบรี ที่ท่าอากาศยานสุวรรณภูมิวันนี้ ท่านได้รับการรับรองจากวุฒิสภาเมื่อวันที่ 9 มค. และเตรียมพร้อมปฏิบัติหน้าที่อย่างเป็นทางการโดยมีเจ้าหน้าที่ @usembassybkk @USConsChiangMai ต้อนรับอย่างอบอุ่น",,@USAmbThailand @USEmbassyBKK @USConsChiangMai,,1222819170728833024,https://twitter.com/USEmbassyBKK/status/1222819170728833024
2020-01-30 03:29:25,USEmbassyBKK,StateIVLP,0,0,2,"กว่า 80 ปีที่โครงการ International Visitor Leadership Program (IVLP) ของกระทรวงการต่างประเทศสหรัฐฯ สร้างสัมพันธ์ระหว่างผู้นำทั่วโลกกับสหรัฐฯ ผ่านการแลกเปลี่ยนเรียนรู้ ร่วมฉลองครบรอบ 80 ปีโครงการ IVLP กับเราผ่านเรื่องราวความสำเร็จของศิษย์เก่า IVLP 80 คน ที่ #FacesOfExchange",,,#FacesOfExchange,1222723465456705538,https://twitter.com/USEmbassyBKK/status/1222723465456705538
2020-01-27 08:30:06,USEmbassyBKK,USEmbassyBKK,0,1,3,"Chargé d’Affaires Mike Heath has a meeting with Dr. Suthin Wianwiwat, Lecturer at the Faculty of Economics at Khon Kaen University and head of E-Saan Poll, a polling agency in the Isan region.",,,,1221711970308521985,https://twitter.com/USEmbassyBKK/status/1221711970308521985
2020-01-27 08:29:23,USEmbassyBKK,,0,0,3,"อุปทูตรักษาการแทนเอกอัครราชทูต ไมเคิล ฮีธ พบกับ ดร. สุทิน เวียนวิวัฒน์ อาจารย์คณะเศรษฐศาสตร์ ม. ขอนแก่น และหัวหน้าโครงการสำรวจอีสานโพล",,,,1221711788774850560,https://twitter.com/USEmbassyBKK/status/1221711788774850560
2020-01-27 08:14:31,USEmbassyBKK,USEmbassyBKK,0,1,3,"Chargé d’Affaires Mike Heath meets with Dr. Watcharas Leelawath, Executive Director of the Mekong Institute at Khon Kaen University, to discuss #Mekong river issues, sovereignty, and environmental concerns.",,,#Mekong,1221708047094956032,https://twitter.com/USEmbassyBKK/status/1221708047094956032
2020-01-27 08:14:16,USEmbassyBKK,,0,2,3,"อุปทูตรักษาการแทนเอกอัครราชทูต ไมเคิล ฮีธ พบกับ ดร. วัชรัศมิ์ ลีละวัฒน์ ผอ. สถาบันความร่วมมือเพื่อพัฒนาเศรษฐกิจ #ลุ่มแม่น้ำโขง ม. ขอนแก่น เพื่อหารือประเด็นแม่น้ำโขง อธิปไตย และปัญหาสิ่งแวดล้อม",,,,1221707984251711488,https://twitter.com/USEmbassyBKK/status/1221707984251711488
2020-01-27 06:59:33,USEmbassyBKK,,0,0,3,"รู้ไหมว่าการประชุมเพื่อคัดเลือกตัวแทน (caucus) แตกต่างจากการออกเสียงเลือกตั้งขั้นต้น (primary) อย่างไร เคยสงสัยหรือเปล่าว่าทำไมไอโอวาและนิวแฮมป์เชียร์จึงสำคัญกับการเลือกตั้งประธานาธิบดีนัก มาทำความเข้าใจเกี่ยวกับการเลือกตั้งปี 2563 ได้ที่",,,,1221689181388210176,https://twitter.com/USEmbassyBKK/status/1221689181388210176
2020-01-27 06:59:01,USEmbassyBKK,,0,0,0,"Do you know the difference between a caucus and a primary? Ever wondered why #Iowa &amp; #NewHampshire are so important for presidential elections? We've got you covered. #2020Election http://go.usa.gov/xd2Yw",,,#Iowa #NewHampshire #2020Election,1221689049041125376,https://twitter.com/USEmbassyBKK/status/1221689049041125376
2020-01-27 06:38:32,USEmbassyBKK,USEmbassyBKK,0,1,1,"Chargé d’Affaires Mike Heath has a courtesy call with Khon Kaen University Acting President, Associate Professor Charnchai Panthongviriyakul, M.D.",,,,1221683893029355522,https://twitter.com/USEmbassyBKK/status/1221683893029355522
2020-01-27 06:38:04,USEmbassyBKK,,1,0,0,"อุปทูตรักษาการแทนเอกอัครราชทูต ไมเคิล ฮีธ เข้าพบ รศ. นพ. ชาญชัย พานทองวิริยะกุล รักษาการอธิการบดี ม. ขอนแก่น",,,,1221683776343789569,https://twitter.com/USEmbassyBKK/status/1221683776343789569
2020-01-27 04:42:27,USEmbassyBKK,USEmbassyBKK,1,0,1,"Khon Kaen Governor Somsak Juntrakul officially welcomes Chargé d’Affaires Mike Heath to the province this morning. #FriendsPartnersAllies",,,#FriendsPartnersAllies,1221654680423432193,https://twitter.com/USEmbassyBKK/status/1221654680423432193
2020-01-27 04:42:04,USEmbassyBKK,,0,1,1,"ผู้ว่าราชการจังหวัดขอนแก่น นายสมศักดิ์ จังตระกุล ต้อนรับอุปทูตรักษาการแทนเอกอัครราชทูต ไมเคิล ฮีธ เช้าวันนี้",,,,1221654583178514432,https://twitter.com/USEmbassyBKK/status/1221654583178514432
2020-01-26 09:45:08,USEmbassyBKK,USEmbassyBKK,0,3,8,"Chargé d’Affaires Mike Heath meets up with @PeaceCorps volunteers and #Fulbright scholars in Khon Kaen.",,@PeaceCorps,#Fulbright,1221368464624848896,https://twitter.com/USEmbassyBKK/status/1221368464624848896
2020-01-26 09:44:52,USEmbassyBKK,,0,0,3,"อุปทูตรักษาการแทนเอกอัครราชทูต ไมเคิล ฮีธ ได้พบปะพูดคุยกับอาสาสมัคร @PeaceCorps และผู้ได้รับทุน @FulbrightPrgrm ใน จ. ขอนแก่น #FriendsPartnersAllies",,@PeaceCorps @FulbrightPrgrm,#FriendsPartnersAllies,1221368395368554496,https://twitter.com/USEmbassyBKK/status/1221368395368554496
2020-01-26 07:39:15,USEmbassyBKK,USEmbassyBKK,2,2,10,"Chargé d’Affaires Mike Heath thanks our Citizen Liaison Volunteers in Khon Kaen, who volunteer to help U.S. citizens in the province.",,,,1221336783738163201,https://twitter.com/USEmbassyBKK/status/1221336783738163201
2020-01-26 07:38:48,USEmbassyBKK,,0,0,4,"อุปทูตรักษาการแทนเอกอัครราชทูต ไมเคิล ฮีธ ขอบคุณอาสาสมัครผู้ประสานงานพลเมืองของสหรัฐฯ ในขอนแก่นที่ช่วยดูแลพลเมืองอเมริกันในจังหวัด #friendspartnersallies",,,#friendspartnersallies,1221336673373442051,https://twitter.com/USEmbassyBKK/status/1221336673373442051
2020-01-26 01:38:04,USEmbassyBKK,,1,10,22,"ขอแสดงความยินดีกับท่านอุปทูตไมค์ ฮีธ ผู้พิชิต #ขอนแก่นมาราธอน ฟันรัน เช้านี้ค่ะ Congratulations to Chargé Michael Heath for completing the Khon Kaen Marathon Fun Run this morning!",,,,1221245891475955712,https://twitter.com/USEmbassyBKK/status/1221245891475955712
2020-01-26 00:38:20,USEmbassyBKK,USEmbassyBKK,0,3,4,"We’re cheering for Chargé d’Affaires Mike Heath as he participates in the Khon Kaen #Marathon Fun Run today! Follow our Instagram Stories at http://instagram.com/usembassybkk",,,#Marathon,1221230859388239873,https://twitter.com/USEmbassyBKK/status/1221230859388239873
2020-01-26 00:37:59,USEmbassyBKK,,0,1,2,"อุปทูตรักษาการแทนเอกอัครราชทูต ไมเคิล ฮีธ ร่วมกิจกรรมขอนแก่นมาราธอนฟันรันวันนี้ มาช่วยกันเชียร์คุณไมเคิลผ่าน Instagram Stories ของเราได้ที่ http://instagram.com/usembassybkk",,,,1221230771047821314,https://twitter.com/USEmbassyBKK/status/1221230771047821314
2020-01-25 09:53:15,USEmbassyBKK,,2,11,12,"You can be as creative as you want with your social media photos, but your visa photo needs to follow our guidance! It should be square - 2x2 in. & show your full face, with a clean white bg. More info, see: http://cdn.ustraveldocs.com/th/th-niv-photoinfo.asp #DollyPartonChallenge #FriendsPartnersAllies",,,#DollyPartonChallenge #FriendsPartnersAllies,1221008117405634562,https://twitter.com/USEmbassyBKK/status/1221008117405634562
2020-01-25 09:51:03,USEmbassyBKK,,0,195,41,"รูปบนโซเชียลจะใส่ฟิลเตอร์ยังไงก็ได้ แต่รูปวีซ่าต้องทำตามกฎนะจ๊ะ รูปต้องเป็นสี่เหลี่ยมจัตุรัส ขนาด 2x2 นิ้ว หน้ามองตรง โชว์หน้าเต็ม มองกล้อง และพื้นหลังสีขาวเรียบ ดูรายละเอียดข้อบังคับเกี่ยวกับรูปถ่ายสำหรับทำวีซ่าเพิ่มเติมได้ที่ http://cdn.ustraveldocs.com/th/th-niv-photoinfo.asp #DollyPartonChallenge",,,#DollyPartonChallenge,1221007565040914432,https://twitter.com/USEmbassyBKK/status/1221007565040914432
2020-01-21 06:57:54,USEmbassyBKK,,0,0,1,"Interested in how polling will factor into the #2020election? And how it will impact campaigns and media coverage? Join a Jan. 23 online briefing at the @ForeignPressCtr with experienced pollster, John Zogby. Ask him your questions live: http://bit.ly/2QzfrAW. #2020election",,@ForeignPressCtr,#2020election #2020election,1219514440170663936,https://twitter.com/USEmbassyBKK/status/1219514440170663936
2020-01-21 06:57:21,USEmbassyBKK,,0,0,0,"23 ม.ค. นี้ จอห์น ซ็อกบี กูรูด้านการสำรวจความคิดเห็น จะมาสรุปประเด็นเกี่ยวกับผลของการสำรวจความคิดเห็นต่อการเลือกตั้งประธานาธิบดีสหรัฐฯ ปี 63 รวมทั้งผลต่อการหาเสียงและการเสนอข่าว รับชมการถ่ายทอดสดและตอบคำถามจาก @ForeignPressCtr ได้ที่ http://bit.ly/2QzfrAW",,@ForeignPressCtr,,1219514301297201152,https://twitter.com/USEmbassyBKK/status/1219514301297201152
2020-01-16 11:31:47,USEmbassyBKK,USEmbassyBKK,0,3,4,"วันนี้ อุปทูตไมเคิล ฮีธ เข้าร่วมพิธีเปิดการประชุม “ความมั่นคงของชาติภายใต้สภาวะแวดล้อมที่ซับซ้อน การคิดเชิงวิเคราะห์และยุทธศาสตร์” ซึ่งจัดโดยสถาบัน @APCSS ของสหรัฐฯ และสมช. ผู้เข้าร่วมได้หารือเรื่องสภาวะแวดล้อมด้านความมั่นคง รวมถึงศึกษาแนวโน้มและความท้าทายด้านความมั่นคงในอนาคต",,@APCSS,,1217771424842010625,https://twitter.com/USEmbassyBKK/status/1217771424842010625
2020-01-16 10:30:00,USEmbassyBKK,,0,2,1,"โครงการ “Enjoy Science ของ#เชฟรอนประเทศไทยร่วมจัดงาน Maker Faire Bangkok 2020 รู้จักกับสิ่งประดิษฐ์จากทั่วทวีปเอเชีย และเข้าร่วมเวิร์กชอปสุดสร้างสรรค์ที่เดอะสตรีท รัชดา ระหว่างวันที่ 18-19 มกราคมนี้ http://www.makerfairebangkok.com/ #FriendsPartnersAllies #ก้าวหน้าด้วยกัน ",,,#FriendsPartnersAllies,1217755875839885312,https://twitter.com/USEmbassyBKK/status/1217755875839885312
2020-01-16 10:30:00,USEmbassyBKK,,0,3,3,"#ChevronThailand is sponsoring Maker Faire Bangkok 2020, part of its Enjoy Science STEM program. Witness inventions from across Asia &amp; participate in workshops @The Street Ratchada, Jan 18-19, 2020. http://www.makerfairebangkok.com/ #FriendsPartnersAllies #ก้าวหน้าด้วยกัน ",,,#ChevronThailand #FriendsPartnersAllies,1217755875659612160,https://twitter.com/USEmbassyBKK/status/1217755875659612160
2020-01-16 09:51:18,USEmbassyBKK,,0,2,4,"Chargé Michael Heath joined today’s opening of “National Security in a Complex Environment, Critical Thinking and Strategy” workshop, co-organized by @APCSS and Thailand’s National Security Council. Participants discussed issues in #security environment, trends and challenges.",,@APCSS,#security,1217746139627175936,https://twitter.com/USEmbassyBKK/status/1217746139627175936
2020-01-16 09:09:18,USEmbassyBKK,,0,1,2,".@UPS 1 ใน 5 บริษัทอเมริกันที่มีความโดดเด่นด้านการดำเนินธุรกิจอย่างยั่งยืน ร่วมลดผลกระทบต่อสิ่งแวดล้อมจากการดำเนินงานในประเทศไทยผ่านโครงการ “UPS Carbon Neutral” อ่านข้อมูลเพิ่มเติมได้ที่ @BangkokPostNews: https://www.bangkokpost.com/thailand/pr/1830539/looking-to-supply-chain-sustainability-for-driving-business-in-2020 #FriendsPartnersAllies #ก้าวหน้าด้วยกัน ",,@UPS @BangkokPostNews,#FriendsPartnersAllies,1217735566738915331,https://twitter.com/USEmbassyBKK/status/1217735566738915331
2020-01-16 09:08:38,USEmbassyBKK,,0,3,3,".@UPS, named a top 5 most sustainable company in the U.S., champions supply chain sustainability in Thailand with its “UPS Carbon Neutral” initiative. Read more at @BangkokPostNews: https://www.bangkokpost.com/thailand/pr/1830539/looking-to-supply-chain-sustainability-for-driving-business-in-2020 #FriendsPartnersAllies #ก้าวหน้าด้วยกัน ",,@UPS @BangkokPostNews,#FriendsPartnersAllies,1217735398920601602,https://twitter.com/USEmbassyBKK/status/1217735398920601602
2020-01-13 01:54:15,USEmbassyBKK,USEmbassyBKK,0,4,3,"Chargé d’Affaires Mike Heath met with Yala Rajabhat University English language students at the American Corner.",,,,1216538920512446464,https://twitter.com/USEmbassyBKK/status/1216538920512446464
2020-01-13 01:53:59,USEmbassyBKK,,0,2,8,"อุปทูตรักษาการแทนเอกอัครราชทูต ไมเคิล ฮีธ พบปะพูดคุยกับนักศึกษาวิชาภาษาอังกฤษของมหาวิทยาลัยราชภัฏยะลา ที่ศูนย์ข้อมูลและวัฒนธรรมอเมริกัน",,,,1216538853651075072,https://twitter.com/USEmbassyBKK/status/1216538853651075072
2020-01-13 01:53:18,USEmbassyBKK,USEmbassyBKK,1,3,5,"American Corners are information centers for youth around the world to learn about U.S. culture and education opportunities, as well as to improve their English language skills.",,,,1216538681705521152,https://twitter.com/USEmbassyBKK/status/1216538681705521152
2020-01-13 01:52:54,USEmbassyBKK,,0,2,1,"ศูนย์ข้อมูลและวัฒนธรรมอเมริกันที่กระจายอยู่ทั่วโลกเป็นพื้นที่ให้เยาวชน มาเรียนรู้วัฒนธรรมอเมริกัน ค้นหาโอกาสทางการศึกษา และพัฒนาทักษะภาษาอังกฤษ",,,,1216538579670749185,https://twitter.com/USEmbassyBKK/status/1216538579670749185
2020-01-13 01:51:59,USEmbassyBKK,USEmbassyBKK,0,1,2,"Chargé d’Affaires Mike Heath visited Yala province to tour the American Corner with the American Corner’s director, Dr. Preecha Pungsuban, at Yala Rajabhat University.",,,,1216538351710294017,https://twitter.com/USEmbassyBKK/status/1216538351710294017
2020-01-13 01:51:38,USEmbassyBKK,,0,2,2,"อุปทูตรักษาการแทนเอกอัครราชทูต ไมเคิล ฮีธ เยือนศูนย์ข้อมูลและวัฒนธรรมอเมริกันที่มหาวิทยาลัยราชภัฏยะลา ร่วมกับดร.ปรีชา พังสุบรรณ ผู้อำนวยการศูนย์",,,,1216538262254153730,https://twitter.com/USEmbassyBKK/status/1216538262254153730
2020-01-08 08:18:09,USEmbassyBKK,USEmbassyBKK,0,3,4,"Today, Chargé Mike Heath delivered remarks on the U.S. #IndoPacific Strategy to the students at Thailand National Defence College. His remarks touched on the central pillars – Security, Governance, Economic Development – of America’s commitment to Thailand and the region.",,,#IndoPacific,1214823593630031874,https://twitter.com/USEmbassyBKK/status/1214823593630031874
2020-01-08 08:17:08,USEmbassyBKK,,0,11,4,"วันนี้ ท่านอุปทูตไมเคิล ฮีธ บรรยายพิเศษในหัวข้อยุทธศาสตร์ #IndoPacific ของสหรัฐฯ ให้กับนักศึกษาที่วิทยาลัยป้องกันราชอาณาจักร (วปอ.) โดยกล่าวถึง 3 เสาหลัก ได้แก่ ความมั่นคง การบริหารปกครอง และการพัฒนาทางเศรษฐกิจ ซึ่งแสดงถึงพันธกรณีของสหรัฐฯ ต่อไทยและภูมิภาค",,,#IndoPacific,1214823337299341315,https://twitter.com/USEmbassyBKK/status/1214823337299341315
2019-12-24 04:55:21,USEmbassyBKK,USEmbassyBKK,0,1,2,"ดูวิธีทำได้ที่นี่ค่ะ",,,,1209336736641245184,https://twitter.com/USEmbassyBKK/status/1209336736641245184
2019-12-24 04:54:37,USEmbassyBKK,,1,1,5,"ปีใหม่นี้ เรามาลองทำขนม ซินนามอน โรลล์ ของโปรดชาวอเมริกันช่วงเทศกาลปีใหม่ แบบผสมผสานรสชาติไทยๆ กันค่ะ",,,,1209336554616844288,https://twitter.com/USEmbassyBKK/status/1209336554616844288
2019-12-24 03:00:00,USEmbassyBKK,,2,6,11,"ท่านอุปทูตไมค์ ฮีธและภริยา อวยพรปีใหม่ชาวไทย พร้อมพูดถึงซินนาม่อน โรลล์ ขนมอเมริกันที่ทำให้หวนคิดถึงช่วงเทศกาลปีใหม่ที่สหรัฐฯ ดูวิธีทำได้ที่ https://youtu.be/XAU1EOm5Xv8 #cinnamonrolls",,,#cinnamonrolls,1209307709151105025,https://twitter.com/USEmbassyBKK/status/1209307709151105025
2019-12-18 09:00:00,USEmbassyBKK,,0,1,4,"สื่อมวลชนไทยเข้าร่วมโครงการศึกษาดูงานเพื่อการรายงานข่าวเกี่ยวกับอินโด-แปซิฟิก ที่ศูนย์ East-West Center จัดขึ้นที่เมืองโฮโนลูลู รัฐฮาวายระหว่างวันที่ 7-14 ธันวาคม https://th.usembassy.gov/th/indo-pacific-reporting-tour-th/ #indopacific",,,#indopacific,1207223981251559424,https://twitter.com/USEmbassyBKK/status/1207223981251559424
2019-12-18 09:00:00,USEmbassyBKK,,0,3,5,"Nine Thai journalists participated in a U.S. Embassy Bangkok-supported Indo-Pacific Reporting Tour hosted by @EastWestCenter from December 7-14, 2019 in Honolulu, Hawaii.",,@EastWestCenter,,1207223978663665668,https://twitter.com/USEmbassyBKK/status/1207223978663665668
2019-12-13 06:23:40,USEmbassyBKK,USEmbassyBKK,0,2,7,"นายเดวิด อาร์. สติลเวลล์ ผู้ช่วยรัฐมนตรีว่าการกระทรวงการต่างประเทศ ฝ่ายกิจการเอเชียตะวันออกและแปซิฟิก กล่าวเกี่ยวกับความสัมพันธ์ทวิภาคีระหว่างสหรัฐ-จีนว่า “สหรัฐฯ จะยังคงสานสัมพันธ์อันดีกับจีนต่อไปและหวังว่าจีนจะทำเช่นเดียวกัน” อ่านปาฐกถาฉบับเต็มได้ที่ https://www.state.gov/u-s-china-bilateral-relations-the-lessons-of-history/",,,,1205372696449687552,https://twitter.com/USEmbassyBKK/status/1205372696449687552
2019-12-13 06:23:17,USEmbassyBKK,,1,1,3,"David R. Stilwell, Asst Sec, @USAsiaPacific, on U.S.-China Bilateral Relations: “The U.S. will continue to seek good relations with China, and we expect Beijing to reciprocate.” Read the full speech at https://www.state.gov/u-s-china-bilateral-relations-the-lessons-of-history/",,@USAsiaPacific,,1205372601150951425,https://twitter.com/USEmbassyBKK/status/1205372601150951425
2019-12-11 06:24:46,USEmbassyBKK,,0,2,3,"Embassy officers thank Department of National Parks, Wildlife and Plant Conservation (DNP), park rangers, and community members for a great visit & discussion focused on marine conservation &debris as well as waste management. #marineconservation #internationalcooperation #Mariam",,,#marineconservation #internationalcooperation #Mariam,1204648199253827584,https://twitter.com/USEmbassyBKK/status/1204648199253827584
2019-12-11 06:24:41,USEmbassyBKK,,2,2,7,"พนักงานสถานทูตสหรัฐฯ ขอบคุณกรมอุทยานฯ เจ้าหน้าที่พิทักษ์อุทยาน และชาวบ้านที่พาเยี่ยมชมพื้นที่และหารือเรื่องการอนุรักษ์และการจัดการขยะ-ของเสียทางทะเล ที่อุทยานแห่งชาติหาดเจ้าไหมและเขตห้ามล่าสัตว์ป่าหมู่เกาะลิบง #การอนุรักษ์ทางทะเล #ความร่วมมือระหว่างประเทศ #มาเรียม",,,,1204648178617921536,https://twitter.com/USEmbassyBKK/status/1204648178617921536
2019-12-05 01:48:55,USEmbassyBKK,,0,5,9,"รัฐมนตรีว่าการกระทรวงการต่างประเทศสหรัฐอเมริกา @SecPompeo ขออวยพรให้ประชาชน #ชาวไทย ทุกคนมีสันติภาพและความเจริญรุ่งเรืองทั้งในโอกาสวันชาติไทยและตลอดปีที่กำลังจะมาถึงนี้",,@SecPompeo,,1202404452872814592,https://twitter.com/USEmbassyBKK/status/1202404452872814592
2019-11-29 02:54:27,USEmbassyBKK,,0,2,6,"12 youth, one U.S. artist draw their envisioned communities on the walls of @TKpark_TH Satun. @USEmbassyBKK is delighted to have partnered with TK Park Satun and the Satun Municipality Office to engage local communities, fostering bonds through visual art. #USMuralsInThailand",,@TKpark_TH @USEmbassyBKK,#USMuralsInThailand,1200246616831057920,https://twitter.com/USEmbassyBKK/status/1200246616831057920
2019-11-29 02:51:10,USEmbassyBKK,,1,2,4,"เยาวชน 12 คน ศิลปินอเมริกัน 1 คน ร่วมกันสร้างสรรค์ภาพชุมชนในฝันบนกำแพงของ TK Park เทศบาลเมืองสตูล จนเกิดเป็นผลงานที่สะท้อนมุมมองของคนในท้องถิ่นและเสริมสร้างพลังเยาวชน สถานทูตสหรัฐฯ ดีใจที่ได้ร่วมจัดกิจกรรมสร้างสัมพันธ์ในชุมชนผ่านการใช้ทัศนศิลป์ในครั้งนี้ #USMuralsInThailand",,,#USMuralsInThailand,1200245791786299392,https://twitter.com/USEmbassyBKK/status/1200245791786299392
2019-11-27 06:07:52,USEmbassyBKK,,0,3,6,"Chargé Mike Heath welcomed hungry passers-by in Soi Tonson to a Bangkok Farmers Market @BKKFM pop-up at our Embassy’s back gate this lunch time.",,@BKKFM,,1199570514110402560,https://twitter.com/USEmbassyBKK/status/1199570514110402560
2019-11-19 09:48:13,USEmbassyBKK,USEmbassyBKK,0,3,4,"ภาพถ่ายจากบนเวทีโดยอุปทูตรักษาการแทนเอกอัครราชทูต ไมเคิล ฮีธ ในงานมอบรางวัล CSR ประจำปีของ @AmchamThailand เมื่อคืนที่ผ่านมา: https://www.facebook.com/usembassybkk/posts/2786853521335772",,@AMCHAMThailand,,1196726867392229376,https://twitter.com/USEmbassyBKK/status/1196726867392229376
2019-11-19 09:47:19,USEmbassyBKK,,0,1,1,"A view from the stage by Chargé d’affaires Michael Heath at the @AmchamThailand annual CSR Award Ceremony last night: https://www.facebook.com/usembassybkk/posts/2786853521335772",,@AMCHAMThailand,,1196726637284347904,https://twitter.com/USEmbassyBKK/status/1196726637284347904
2019-11-19 08:54:50,USEmbassyBKK,,0,2,4,"U.S. companies at the Defense and Security Expo are focused on establishing regional cooperation and business partnerships in areas such as disaster management, cyber security, anti-terrorism and defense production. #ADMMPlus #FriendsPartnersAllies",,,#ADMMPlus #FriendsPartnersAllies,1196713432239595520,https://twitter.com/USEmbassyBKK/status/1196713432239595520
2019-11-19 08:53:58,USEmbassyBKK,,1,2,5,"ภายในงาน Defense and Security Expo บริษัทจากสหรัฐฯ มุ่งมั่นขับเคลื่อนความร่วมมือในภูมิภาคและความเป็นหุ้นส่วนทางธุรกิจในด้านต่างๆ เช่น การจัดการภัยพิบัติ ความมั่นคงทางไซเบอร์ การต่อต้านการก่อการร้าย และยุทโธปกรณ์ #ADMMPlus #FriendsPartnersAllies",,,#ADMMPlus #FriendsPartnersAllies,1196713212739248128,https://twitter.com/USEmbassyBKK/status/1196713212739248128
2019-11-17 07:01:27,USEmbassyBKK,,0,7,10,"Joint Vision Statement 2020 advances U.S.-Thai mutual interests by reaffirming our shared commitment to the long-standing defense alliance. Read full statement: https://th.usembassy.gov/joint-vision-statement-2020-for-the-thai-u-s-defense-alliance/",,,,1195960122154991617,https://twitter.com/USEmbassyBKK/status/1195960122154991617
2019-11-17 07:00:06,USEmbassyBKK,,0,5,2,"แถลงการณ์วิสัยทัศน์ร่วม ค.ศ. 2020 ผลักดันผลประโยชน์ร่วมกันระหว่างสหรัฐฯ และไทย โดยเน้นย้ำจุดยืนของเราต่อการเป็นพันธมิตรด้านการป้องกันประเทศที่มีมายาวนาน อ่านแถลงการณ์ฉบับเต็มได้ที่ https://th.usembassy.gov/th/joint-vision-statement-2020-for-the-thai-u-s-defense-alliance-th/",,,,1195959780885483520,https://twitter.com/USEmbassyBKK/status/1195959780885483520
2019-11-16 04:16:16,USEmbassyBKK,USEmbassyBKK,0,4,9,"ดร. มาร์ก ที. เอสเปอร์ รมว. กลาโหมสหรัฐฯ จะเดินทางมายังกรุงเทพฯ เพื่อเข้าร่วมการประชุม ADMM-Plus เพื่อหารือประเด็นด้านการทหารในภูมิภาค และยืนยันความแน่วแน่ของสหรัฐฯ ต่อการเป็นพันธมิตรด้านการป้องกันประเทศระหว่างสหรัฐฯ และไทย #ADMMPlus #FriendsPartnersAllies",,,#ADMMPlus #FriendsPartnersAllies,1195556163435278336,https://twitter.com/USEmbassyBKK/status/1195556163435278336
2019-11-16 04:15:07,USEmbassyBKK,,0,3,10,"Secretary of @DeptofDefense Dr. Mark T. Esper will travel to Bangkok to participate in the ASEAN Defense Ministers’ Meeting Plus to discuss regional defense issues and affirm the commitment to the US-Thai defense alliance. #ADMMPlus #FriendsPartnersAllies https://www.defense.gov/Newsroom/Advisories/Advisory/Article/2011085/secretary-esper-travels-to-south-korea-thailand-philippines-and-vietnam/",,@DeptofDefense,#ADMMPlus #FriendsPartnersAllies,1195555875383107585,https://twitter.com/USEmbassyBKK/status/1195555875383107585
2019-11-07 01:47:00,USEmbassyBKK,,1,18,22,"Robert C. O’Brien, U.S. Special Envoy to the U.S.-#ASEAN and #EAS, and Assistant to the President for National Security Affairs @WHNSC, was in BKK to attend the #ASEAN2019. On Nov 5, he also had the opportunity to appreciate Thai culture by visiting Wat Pho and the Grand Palace.",,@WHNSC,#ASEAN #EAS #ASEAN2019,1192257110324629505,https://twitter.com/USEmbassyBKK/status/1192257110324629505
2019-11-07 01:40:53,USEmbassyBKK,,0,4,6,"โรเบิร์ต ซี. โอไบรอัน ผู้ช่วย @POTUS ฝ่าย @WHNSC และผู้แทนพิเศษของปธน. สหรัฐฯ เข้าร่วมการประชุม U.S.-#ASEAN และ East Asia Summit ที่ กรุงเทพฯ และได้มีโอกาสชื่นชมวัฒนธรรมไทยระหว่างเยี่ยมชมวัดโพธิ์และพระบรมมหาราชวังในวันที่ 5 พย. อีกด้วย",,@POTUS @WHNSC,#ASEAN,1192255571036008448,https://twitter.com/USEmbassyBKK/status/1192255571036008448
2019-11-06 07:54:12,USEmbassyBKK,,0,15,16,"On Nov 4, over 1,000 U.S. and the Indo-Pacific business and government leaders gathered at #IndoPacificBizForum. The event showcased the enduring U.S. commitment to the Indo-Pacific region.",,,#IndoPacificBizForum,1191987127963119618,https://twitter.com/USEmbassyBKK/status/1191987127963119618
2019-11-06 07:52:48,USEmbassyBKK,,1,2,6,"วันที่ 4 พย. ผู้นำภาคธุรกิจและภาครัฐกว่า 1,000 คนจากสหรัฐฯ และภูมิภาคอินโด-แปซิฟิก ได้เข้าร่วมการประชุม #IndoPacificBizForum ในไทย แสดงให้เห็นถึงความมุ่งมั่นของสหรัฐฯ ต่อภูมิภาคนี้",,,#IndoPacificBizForum,1191986777730347010,https://twitter.com/USEmbassyBKK/status/1191986777730347010
2019-11-06 06:13:38,USEmbassyBKK,WHNSC,0,2,3,"ที่ปรึกษาสภาความมั่นคงแห่งชาติสหรัฐฯ โรเบิร์ต โอไบรอัน ให้สัมภาษณ์นักข่าวเกี่ยวกับการเข้าร่วมของสหรัฐฯ ในการประชุม #ASEAN2019 และ #IndoPacificBizForum",,,#ASEAN2019 #IndoPacificBizForum,1191961820262744064,https://twitter.com/USEmbassyBKK/status/1191961820262744064
2019-11-06 06:13:24,USEmbassyBKK,WHNSC,0,3,4,"ที่ปรึกษาสภาความมั่นคงแห่งชาติสหรัฐฯ โรเบิร์ต โอไบรอัน พบปะกับผู้นำจาก 10 ประเทศสมาชิก #อาเซียน รวมถึงผู้นำญี่ปุ่น เกาหลีใต้ อินเดีย นิวซีแลนด์ ออสเตรเลีย จีน และรัสเซีย ที่ #EastAsiaSummit ครั้งที่ 14",,,#EastAsiaSummit,1191961763329249282,https://twitter.com/USEmbassyBKK/status/1191961763329249282
2019-11-06 06:13:02,USEmbassyBKK,WHNSC,0,3,2,"ที่ปรึกษาสภาความมั่นคงแห่งชาติสหรัฐฯ โรเบิร์ต โอไบรอัน เข้าร่วมการประชุม U.S.-#ASEAN Summit ครั้งที่ 7 ในฐานะผู้แทนพิเศษของประธานาธิบดีทรัมป์ @realDonaldTrump พร้อมยืนยันสหรัฐฯ มุ่งสนับสนุนบทบาทผู้นำของ #ASEAN ในภูมิภาค #IndoPacific",,@realDonaldTrump,#ASEAN #ASEAN #IndoPacific,1191961669448155138,https://twitter.com/USEmbassyBKK/status/1191961669448155138
2019-11-06 06:12:36,USEmbassyBKK,WHNSC,1,0,3,"เอกอัครราชทูตสหรัฐฯ ประจำประเทศต่างๆ ใน #IndoPacific พบปะกับที่ปรึกษาสภาความมั่นคงแห่งชาติสหรัฐฯ โรเบิร์ต โอไบรอัน ก่อนหน้าการประชุม US-#ASEAN Summit และ #EastAsiaSummit",,,#IndoPacific #ASEAN #EastAsiaSummit,1191961562229149696,https://twitter.com/USEmbassyBKK/status/1191961562229149696
2019-11-05 03:21:02,USEmbassyBKK,SecPompeo,0,3,4,"ASEAN เป็นแกนกลางในวิสัยทัศน์เพื่อ #อินโดแปซิฟิก ที่เสรีและเปิดกว้างของเรา ผมดีใจที่เห็นโรเบิร์ต โอไบรอัน ผู้แทนพิเศษของ @realDonaldTrump นำคณะผู้แทนของเราในการประชุมสุดยอดสหรัฐฯ-อาเซียน และเอเชียตะวันออกวันนี้ ทั้งเน้นย้ำความมุ่งมั่นที่เรามีมายาวนานต่ออาเซียน",,@realDonaldTrump,,1191555998286172161,https://twitter.com/USEmbassyBKK/status/1191555998286172161
2019-11-05 03:16:26,USEmbassyBKK,SecPompeo,0,1,2,"#IndoPacificBizForum: @SecretaryRoss ชี้ชัดว่าการดำเนินงานของสหรัฐในภูมิภาคนี้เกิดจากค่านิยมของเราและสงเสริมความร่วมมือกับภาคเอกชนของสหรัฐที่เปี่ยมศักยภาพ การมีส่วนร่วมของธุรกิจอเมริกันเป็นหัวใจสำคัญต่อยุทธศาสตร์ของ @realDonaldTrump ในการขับเคลื่อนอินโดแปซิฟิกที่เสรีและเปิดกว้าง",,@SecretaryRoss @realDonaldTrump,#IndoPacificBizForum,1191554838393262080,https://twitter.com/USEmbassyBKK/status/1191554838393262080
2019-11-05 03:11:40,USEmbassyBKK,CommerceGov,0,1,1,"อ่านปาฐกถาโดย รมต. กระทรวงพาณิชย์ วิลเบอร์ รอสส์ จากการประชุม Indo-Pacific Business Forum ได้ที่ https://commerce.gov/news/speeches/2019/11/remarks-commerce-secretary-wilbur-l-ross-indo-pacific-business-development #IndoPacificBizForum #DOCIPBF19",,,#IndoPacificBizForum #DOCIPBF19,1191553640382656513,https://twitter.com/USEmbassyBKK/status/1191553640382656513
2019-11-05 01:00:00,USEmbassyBKK,,0,1,2,"วิสัยทัศน์ของสหรัฐฯ สำหรับ #IndoPacific ไม่กีดกันชาติใดๆ เราไม่ขอให้ใครเลือกพันธมิตรหนึ่งแทนอีกฝ่าย แต่เรียกร้องให้นานาประเทศยืนหยัดตามหลักการสำคัญเพื่อความสงบเรียบร้อยของภูมิภาคเมื่อมีการคุกคามเกิดขึ้น #IndoPacificReport https://www.state.gov/the-united-states-and-asean-expanding-the-enduring-partnership/",,,#IndoPacific #IndoPacificReport,1191520505444126722,https://twitter.com/USEmbassyBKK/status/1191520505444126722
2019-11-05 01:00:00,USEmbassyBKK,,1,3,4,"U.S. vision for the #IndoPacific excludes no nation. We do not ask countries to choose btw one partner or another, but instead ask that they uphold the core principles of the regional order when these principles are under renewed threat. #IndoPacificReport https://www.state.gov/the-united-states-and-asean-expanding-the-enduring-partnership/",,,#IndoPacific #IndoPacificReport,1191520503980122112,https://twitter.com/USEmbassyBKK/status/1191520503980122112
2019-11-04 10:18:09,USEmbassyBKK,USEmbassyBKK,2,6,8,"“We are steadfast in our belief that market-oriented, private sector investment is key to meeting the region’s infrastructure goals and enabling its full economic growth potential.” @USTreasury Acting Asst. Secretary Mitchell Silk at #IndoPacificBizForum",,@USTreasury,#IndoPacificBizForum,1191298580620836865,https://twitter.com/USEmbassyBKK/status/1191298580620836865
2019-11-04 10:17:19,USEmbassyBKK,,0,2,4,"“เราเชื่อแน่นอนว่าการลงทุนของภาคเอกชนตามความต้องการของตลาดเป็นกุญแจสำคัญสู่การบรรลุเป้าหมายด้านโครงสร้างพื้นฐานของภูมิภาค และช่วยให้ศักยภาพการเติบโตด้านเศรษฐกิจสัมฤทธิผล” - มิทเชล ซิลก์ รักษาการผช.รมว. @USTreasury ฝ่ายตลาดและการพัฒนาระหว่างประเทศ #IndoPacificBizForum",,@USTreasury,#IndoPacificBizForum,1191298370888843264,https://twitter.com/USEmbassyBKK/status/1191298370888843264
2019-11-04 10:15:53,USEmbassyBKK,USEmbassyBKK,1,10,12,"Mitchell Silk -Acting A/S @USTreasury joins the #IndoPacificBizForum panel on ""Financing in the Indo-Pacific."" It touches on how financing enables private sector development and how countries can address the top concerns of financiers looking to support projects in the region.",,@USTreasury,#IndoPacificBizForum,1191298011168559107,https://twitter.com/USEmbassyBKK/status/1191298011168559107
2019-11-04 10:15:21,USEmbassyBKK,,0,4,1,"Mitchell Silk รักษาการผู้ช่วยรมต. @USTreasury ร่วมอภิปรายหัวข้อ ""Financing in the Indo-Pacific"" ในการประชุม #IndoPacificBizForum โดยหารือว่าการจัดหาเงินทุนจะพัฒนาภาคเอกชนได้อย่างไร และประเทศต่างๆ จะรับมือข้อกังวลสำคัญของนายทุนที่อยากสนับสนุนโครงการในภูมิภาคนี้อย่างไร",,@USTreasury,#IndoPacificBizForum,1191297873830244355,https://twitter.com/USEmbassyBKK/status/1191297873830244355
2019-11-04 09:36:04,USEmbassyBKK,USEmbassyBKK,0,5,7,"“OPIC and the new U.S. International Development Finance Corporation (DFC)...will help build a foundation for regional prosperity and global connectivity in some of the fastest-growing economies in the world.” - @dbohigian, exec VP of @opicgov at #IndoPacificBizForum",,@DBohigian @opicgov,#IndoPacificBizForum,1191287991513141249,https://twitter.com/USEmbassyBKK/status/1191287991513141249
2019-11-04 09:35:40,USEmbassyBKK,,0,2,5,"“OPIC และหน่วยงานความร่วมมือทางการเงินเพื่อการพัฒนาระหว่างประเทศของสหรัฐฯ (DFC) จะร่วมมือกับภาคเอกชนเพื่อช่วยสร้างรากฐานและความเชื่อมต่อในระดับสากลให้แก่เศรษฐกิจที่เติบโตเร็วเป็นอันดับต้นๆ ของโลก” - @dbohigian รองกก.ผจก. @opicgov #IndoPacificBizForum",,@DBohigian @opicgov,#IndoPacificBizForum,1191287891042787328,https://twitter.com/USEmbassyBKK/status/1191287891042787328
2019-11-04 09:30:49,USEmbassyBKK,USEmbassyBKK,0,8,16,"“At USAID, we are working to advance the U.S. Government’s vision for a free and open Indo-Pacific by leveling the playing field for trade.” - Dep. Administrator @USAIDBGlick of @USAID at #IndoPacificBizForum",,@USAIDBGlick @USAID,#IndoPacificBizForum,1191286667404967938,https://twitter.com/USEmbassyBKK/status/1191286667404967938
2019-11-04 09:30:35,USEmbassyBKK,,0,2,2,"“USAID ดำเนินงานเพื่อยกระดับวิสัยทัศน์ของสหรัฐฯ สำหรับอินโด-แปซิฟิกที่เสรีและเปิดกว้าง โดยสร้างความเป็นธรรมในสนามการค้า” - @USAIDBGlick รองผู้บริหาร @USAID #IndoPacificBizForum",,@USAIDBGlick @USAID,#IndoPacificBizForum,1191286608705638401,https://twitter.com/USEmbassyBKK/status/1191286608705638401
2019-11-04 09:28:31,USEmbassyBKK,,0,2,1,"US ญี่ปุ่น และออสเตรเลียประกาศแนวคิด #BlueDotNetwork เพื่อยกระดับการลงทุนและให้การรับรองโครงการด้านโครงสร้างพื้นฐานที่มีคุณภาพสูงในระดับสากล สหรัฐฯ ยินดีที่ได้ร่วมงานกับพันธมิตร เช่นธนาคาร #JBIC ซึ่งมีประสบการณ์และประวัติการลงทุนที่มีประสิทธิภาพสูง #IndoPacificBizForum",,,#BlueDotNetwork #JBIC #IndoPacificBizForum,1191286090226782208,https://twitter.com/USEmbassyBKK/status/1191286090226782208
2019-11-04 09:24:38,USEmbassyBKK,USEmbassyBKK,0,3,2,"""Partnerships in the Indo-Pacific"" panel focuses on how governments are helping identify bankable projects and catalyze private sector investment for #IndoPacific’s development needs. Participants include @dbohigian ExcVP @opicgov and @USAIDBGlick #IndoPacificBizForum",,@DBohigian @opicgov @USAIDBGlick,#IndoPacific #IndoPacificBizForum,1191285110659616768,https://twitter.com/USEmbassyBKK/status/1191285110659616768
2019-11-04 09:23:57,USEmbassyBKK,,0,1,2,"#IndoPacific มีความต้องการด้านการพัฒนาอย่างมหาศาล การอภิปราย ""Partnerships in the Indo-Pacific"" จะเน้นวิธีการที่รัฐบาลช่วยค้นหาโครงการที่มีโอกาสรับเงินกู้และกระตุ้นการลงทุนจากภาคเอกชน ผู้เข้าร่วม: @dbohigian รองกก.ผจก. @opicgov และ @USAIDBGlick #IndoPacificBizForum",,@DBohigian @opicgov @USAIDBGlick,#IndoPacific #IndoPacificBizForum,1191284940224155649,https://twitter.com/USEmbassyBKK/status/1191284940224155649
2019-11-04 09:18:21,USEmbassyBKK,USEmbassyBKK,0,6,6,"The U.S. Government is employing a whole-of-government approach to unlock private sector-led growth, including through increased engagement by dynamic American companies in the #IndoPacific region. Learn more: https://www.usaid.gov/indo-pacific-vision/econ",,,#IndoPacific,1191283529394442240,https://twitter.com/USEmbassyBKK/status/1191283529394442240
2019-11-04 09:18:07,USEmbassyBKK,,0,2,2,"สหรัฐฯ กำลังใช้ความร่วมมือจากทุกภาคส่วนของรัฐบาลปลดล็อกการเติบโตที่นำโดยภาคเอกชน และยังจูงใจให้บริษัทอเมริกันที่มีศักยภาพเข้ามามีส่วนร่วมในภูมิภาค #อินโดแปซิฟิก มากขึ้นด้วย อ่านข้อมูลเพิ่มเติมที่นี่ https://www.usaid.gov/indo-pacific-vision/econ",,,,1191283472922337280,https://twitter.com/USEmbassyBKK/status/1191283472922337280
2019-11-04 09:11:15,USEmbassyBKK,EximBankUS,0,1,7,".@SecretaryRoss, คิมเบอร์ลี่ รี้ด @EximBankUS, คีธ แครช @State_E, อุปทูต @usembassytokyo bassytokyo โจเซฟ ยัง, Tatsuya Terazawa ที่ปรึกษาพิเศษ และ Atsuo Kuroda ประธาน #NEXI เข้าร่วมการลงนามข้อตกลงการร่วมให้สินเชื่อระหว่าง EXIM และ NEXI",,@SecretaryRoss @EximBankUS @State_E @usembassytokyo,#NEXI,1191281745439551488,https://twitter.com/USEmbassyBKK/status/1191281745439551488
2019-11-04 08:51:44,USEmbassyBKK,USEmbassyBKK,0,2,6,"Vietnam’s Minister of Trade and Industry Trần Tuấn Anh joined SVP of @USChamber, CEO of @TheAESCorp David Stone and @aes_eurasiaPres to approve 2.2 gigawatt combined cycle gas turbine power plant in Sep 2019, representing an investment of $1.5 billion. #IndoPacificBizForum",,@USChamber @TheAESCorp @AES_EurasiaPres,#IndoPacificBizForum,1191276832567382017,https://twitter.com/USEmbassyBKK/status/1191276832567382017
2019-11-04 08:50:19,USEmbassyBKK,,0,1,3,"ในกย. 62 Trần Tuấn Anh รมต.การค้าและอุตสาหกรรมเวียดนาม ร่วมกับ @USChamber, David Stone CEO @TheAESCorp และ @AES_EurasiaPres อนุมัติโครงการโรงผลิตไฟฟ้าพลังความร้อนร่วมแบบใช้กังหันก๊าซกำลังการผลิต 2.2 กิกะวัตต์ มูลค่าการลงทุน 1,500 ล้านUSD #IndoPacificBizForum",,@USChamber @TheAESCorp @AES_EurasiaPres,#IndoPacificBizForum,1191276475896385537,https://twitter.com/USEmbassyBKK/status/1191276475896385537
2019-11-04 08:23:58,USEmbassyBKK,,0,3,2,".@Boeing จะปล่อยดาวเทียม @kacific ขึ้นสู่วงโคจรในวันที่ 15 ธค.นี้ ซึ่งจะทำให้ประเทศที่มีอาณาเขตห่างไกลอย่างอินโดนีเซีย ฟิลิปปินส์ และหมู่เกาะแปซิฟิกสามารถเข้าถึงอินเทอร์เน็ตราคาถูกคุณภาพสูง ได้เชื่อมต่อและมีส่วนร่วมในโลกดิจิทัล #IndoPacificBizForum",,@Boeing @kacific,#IndoPacificBizForum,1191269845486075906,https://twitter.com/USEmbassyBKK/status/1191269845486075906
2019-11-04 08:10:54,USEmbassyBKK,USEmbassyBKK,0,4,4,"“Hosting the #IndoPacificBizForum highlights @USTDA continued cooperation with the best of U.S. industry and reaffirms our commitment to the future of this vital part of the world.” - Thomas R. Hardy, USTDA Acting Director",,@USTDA,#IndoPacificBizForum,1191266556090580992,https://twitter.com/USEmbassyBKK/status/1191266556090580992
2019-11-04 08:10:29,USEmbassyBKK,,0,1,2,"“การเป็นเจ้าภาพจัดการประชุม #IndoPacificBizForum แสดงให้เห็นถึงความร่วมมืออย่างต่อเนื่องกับอุตสาหกรรมอเมริกันแนวหน้า และเน้นย้ำความมุ่งมั่นในการร่วมสร้างอนาคตให้ภูมิภาคที่สำคัญยิ่งแห่งหนึ่งของโลก” - โธมัส อาร์. ฮาร์ดี รักษาการผอ. @USTDA",,@USTDA,#IndoPacificBizForum,1191266453644660736,https://twitter.com/USEmbassyBKK/status/1191266453644660736
2019-11-04 07:59:45,USEmbassyBKK,USEmbassyBKK,0,4,3,"Thomas Hardy Acting Dir. @USTDA joins panel on Infrastructure Development in the Indo-Pacific. Over $20T in infrastructure investment is estimated through 2030, to meet the growing needs of #IndoPacific. #IndoPacificBizForum",,@USTDA,#IndoPacific #IndoPacificBizForum,1191263749056782336,https://twitter.com/USEmbassyBKK/status/1191263749056782336
2019-11-04 07:57:47,USEmbassyBKK,,0,0,4,"Thomas Hardy @USTDA ร่วมอภิปราย Infrastructure Development in the #IndoPacific คาดว่าปี 2573 จะมีการลงทุนด้านโครงสร้างพื้นฐานกว่า 20 ล้านล้านUSD เพื่อตอบสนองความต้องการที่มากขึ้นของ #IndoPacific #IndoPacificBizForum https://www.youtube.com/user/USEmbassyBangkok/live",,@USTDA,#IndoPacific #IndoPacific #IndoPacificBizForum,1191263255781470209,https://twitter.com/USEmbassyBKK/status/1191263255781470209
2019-11-04 07:48:43,USEmbassyBKK,,0,0,2,"#WarburgPincus ลงทุนเงินจำนวน 250 ล้านดอลลาร์สหรัฐในบริษัท Converge ICT ที่ฟิลิปปินส์ เพื่อขยายบริการบรอดแบนด์ที่มีคุณภาพในภูมิภาคต่างๆ ฟิลิปปินส์ที่ยังไม่มีบริการและมีบริการน้อยกว่าความต้องการใช้งาน #IndoPacificBizForum https://th.usembassy.gov/th/ipbf-factsheet-th/",,,#WarburgPincus #IndoPacificBizForum,1191260973710970880,https://twitter.com/USEmbassyBKK/status/1191260973710970880
2019-11-04 07:45:12,USEmbassyBKK,,0,0,2,".@aprenergy ในรัฐฟลอริดาลงทุนในโรงผลิตไฟฟ้ากำลังผลิต 300 เมกะวัตต์ ที่ท่าเรือเมืองธากา และจะทำให้เกิดตำแหน่งงานที่ยั่งยืนในบังกลาเทศกว่า 100 ตำแหน่ง #IndoPacificBizForum",,@aprenergy,#IndoPacificBizForum,1191260087538421763,https://twitter.com/USEmbassyBKK/status/1191260087538421763
2019-11-04 07:11:58,USEmbassyBKK,USEmbassyBKK,0,5,5,"“The economic growth and development we are seeing across the region will continue to require diverse and reliable energy sources that can meet the demands of the region’s economies and its people.” - PDAS Kenneth Humphreys, Department of @Energy at #IndoPacificBizForum",,@ENERGY,#IndoPacificBizForum,1191251724867997696,https://twitter.com/USEmbassyBKK/status/1191251724867997696
2019-11-04 07:11:37,USEmbassyBKK,,0,0,1,"“การเติบโตและพัฒนาทางเศรษฐกิจที่เราเห็นอยู่ทั่วภูมิภาคนี้จะส่งผลให้เกิดความต้องการแหล่งพลังงานที่หลากหลายและเชื่อถือได้อย่างต่อเนื่อง โดยจะต้องตอบสนองต่อความต้องการของเศรษฐกิจและประชาชนในภูมิภาคได้ด้วย” - เคนเน็ธ ฮัมฟรีย์ รองผู้ช่วยรมต. @energy #IndoPacificBizForum",,@ENERGY,#IndoPacificBizForum,1191251636456345601,https://twitter.com/USEmbassyBKK/status/1191251636456345601
2019-11-04 07:09:27,USEmbassyBKK,USEmbassyBKK,0,4,2,".@IEA estimates next 20yrs, #IndoPacific’s demand for electricity will grow dramatically. ""Energy Sustainability in #IndoPacific"" panel discusses how initiatives like Asia EDGE can help the region meet needs. Panelists include Ken Humphreys, PDAS of @energy. #IndoPacificBizForum",,@IEA @ENERGY,#IndoPacific #IndoPacific #IndoPacificBizForum,1191251093860126720,https://twitter.com/USEmbassyBKK/status/1191251093860126720
2019-11-04 07:07:36,USEmbassyBKK,,0,0,1,".@IEA คาดว่า 20 ปีข้างหน้า ความต้องการไฟฟ้าของ #IndoPacific จะเพิ่มขึ้นอย่างรวดเร็ว การอภิปราย “ความยั่งยืนทางพลังงานในภูมิภาคอินโดแปซิฟิก” พูดคุยว่าโครงการอย่าง Asia EDGE จะช่วยภูมิภาคตอบสนองต่อความต้องการอย่างไร Ken Humphreys รองผช.รมว. @energy ร่วมอภิปราย #IndoPacificBizForum",,@IEA @ENERGY,#IndoPacific #IndoPacificBizForum,1191250625620631552,https://twitter.com/USEmbassyBKK/status/1191250625620631552
2019-11-04 06:54:50,USEmbassyBKK,USEmbassyBKK,0,1,1,".@SecretaryRoss &amp; Thai Deputy SecGen Kobsak Pootrakool joined @IVLTeam CEO Dilip Kumar Agarwal &amp; COO Ramesh Narsinghpura to announce the company is acquiring $2 billion worth of petrochemical assets from @huntsman_corp, including three sites in Texas. #IndoPacificBizForum",,@SecretaryRoss @IVLTeam @Huntsman_Corp,#IndoPacificBizForum,1191247415149379585,https://twitter.com/USEmbassyBKK/status/1191247415149379585
2019-11-04 06:53:30,USEmbassyBKK,,0,0,1,"Dilip Kumar Agarwal (CEO) และ Ramesh Narsinghpura (COO) จาก @IVLTeam ประกาศซื้อสินทรัพย์ปิโตรเคมีมูลค่ากว่า 2,000 ล้านUSD จาก @Huntsman_Corp ซึ่งรวมถึงแหล่งผลิต 3 แห่งในเทกซัส โดยมี @SecretaryRoss และคุณกอบศักดิ์ ภูตระกูล รองเลขาฯนายกฯ ร่วมเป็นสักขีพยาน #IndoPacificBizForum",,@IVLTeam @Huntsman_Corp @SecretaryRoss,#IndoPacificBizForum,1191247076555800578,https://twitter.com/USEmbassyBKK/status/1191247076555800578
2019-11-04 06:27:59,USEmbassyBKK,USEmbassyBKK,0,1,4,".@SecretaryRoss, @State_E, Special Advisor Tatsuya Terazawa and @usembassytokyo Chargé d’Affaires Joseph Young signed a strategic partnership statement to coordinate additional $10 billion in Japanese investment in regional dev with U.S. Asia EDGE Initiative. #IndoPacificBizForum",,@SecretaryRoss @State_E @usembassytokyo,#IndoPacificBizForum,1191240657798459393,https://twitter.com/USEmbassyBKK/status/1191240657798459393
2019-11-04 06:26:00,USEmbassyBKK,,0,0,7,"รมว. @SecretaryRoss, ปลัดกต.US ฝ่าย @State_E คีธ แครช,ที่ปรึกษาพิเศษ Tatsuya Terazawa และอุปทูต Joseph Young @usembassytokyo ลงนามความร่วมมือเชิงยุทธศาสตร์ เพื่อบริหารเงินทุนจากญี่ปุ่นเพิ่มเติม 10,000 ล้านUSD เพื่อการพัฒนาในภูมิภาค ผ่านโครงการ Asia EDGE ของUS #IndoPacificBizForum",,@SecretaryRoss @State_E @usembassytokyo,#IndoPacificBizForum,1191240156876984320,https://twitter.com/USEmbassyBKK/status/1191240156876984320
2019-11-04 06:06:30,USEmbassyBKK,USEmbassyBKK,1,5,4,"“Strengthened economic cooperation with the United States will continue to bring unparalleled benefits to our friends, partners, and allies across the Indo-Pacific.” - Under Secretary @KeithJKrach of @State_E at #IndoPacificBizForum",,@KeithJKrach @State_E,#IndoPacificBizForum,1191235251613270016,https://twitter.com/USEmbassyBKK/status/1191235251613270016
2019-11-04 06:06:15,USEmbassyBKK,,0,0,2,"“ความร่วมมือทางเศรษฐกิจที่เข้มแข็งระหว่างสหรัฐฯ กับมิตรประเทศของเราทั่วอินโด-แปซิฟิก จะยังคงนำมาซึ่งผลประโยชน์อันยอดเยี่ยมให้กับภูมิภาค” - คีธ แครช ปลัดกต.สหรัฐฯ ฝ่ายการเติบโตทางเศรษฐกิจ พลังงาน และสิ่งแวดล้อม @State_E ที่ #IndoPacificBizForum",,@State_E,#IndoPacificBizForum,1191235188241551360,https://twitter.com/USEmbassyBKK/status/1191235188241551360
2019-11-04 05:57:15,USEmbassyBKK,USEmbassyBKK,0,6,10,"As more people and businesses in the #IndoPacific come online, domestic and international tech companies will be looking to the region to foster a free and vibrant digital economy. @KeithJKrach of @State_E moderates this #IndoPacificBizForum panel.",,@KeithJKrach @State_E,#IndoPacific #IndoPacificBizForum,1191232922595942402,https://twitter.com/USEmbassyBKK/status/1191232922595942402
2019-11-04 05:56:19,USEmbassyBKK,,0,1,2,"คนและธุรกิจใน #IndoPacific เข้าสู่โลกออนไลน์มากขึ้น บริษัทเทคโนโลยีของไทย-นานาชาติจึงจับตามองการสร้างเศรษฐกิจดิจิทัลของภูมิภาคนี้ @KeithJKrach ปลัดกต.สหรัฐฯ @State_E ดำเนินการประชุม #IndoPacificBizForum ในช่วงหัวข้อดังกล่าว Watch live: https://www.youtube.com/user/USEmbassyBangkok/live",,@KeithJKrach @State_E,#IndoPacific #IndoPacificBizForum,1191232689174503425,https://twitter.com/USEmbassyBKK/status/1191232689174503425
2019-11-04 05:43:37,USEmbassyBKK,,0,0,2,".@GE_Power ประกาศสร้างโรงผลิตไฟฟ้ามูลค่า 390 ล้านUSD ในบังกลาเทศ ซึ่งจะจำหน่ายไฟฟ้าให้กับบ้านเรือน 700,000 หลังภายในปี 2565 และสร้างโรงผลิตไฟฟ้าพลังความร้อนร่วมมูลค่า 1,200 ล้านUSD ที่ไต้หวัน ซึ่งจะสร้างมูลค่าการส่งออกให้US 720 ล้านUSD #IndoPacificBizForum",,@GE_Power,#IndoPacificBizForum,1191229490061430785,https://twitter.com/USEmbassyBKK/status/1191229490061430785
2019-11-04 05:17:15,USEmbassyBKK,,1,0,2,"รัฐมนตรี @SecretaryRoss นำคณะผู้แทนธุรกิจจากบริษัทของสหรัฐฯ เข้าร่วมการประชุม #IndoPacificBizForum เพื่อศึกษารายละเอียดข้อตกลงการค้าต่างๆ หลังจากนั้น จะเดินทางต่อไปยังอินโดนีเซียและเวียดนาม",,@SecretaryRoss,#IndoPacificBizForum,1191222855289061379,https://twitter.com/USEmbassyBKK/status/1191222855289061379
2019-11-04 05:10:19,USEmbassyBKK,,0,7,3,"ผู้แทน US ที่เข้าร่วม #IndoPacificBizForum: @SecretaryRoss, @KeithJKrach ปลัดกต.สหรัฐ @State_E, Kimberly Reed @EximBankUS, Thomas Hardy @USTDA, @dbohigian @opicgov, @USAIDBGlick และ Charles Freeman @USChamber",,@SecretaryRoss @KeithJKrach @State_E @EximBankUS @USTDA @DBohigian @opicgov @USAIDBGlick @USChamber,#IndoPacificBizForum,1191221112421568513,https://twitter.com/USEmbassyBKK/status/1191221112421568513
2019-11-04 04:55:36,USEmbassyBKK,USEmbassyBKK,0,0,3,"การลงทุนแบบ Greenfield Investment คือการลงทุนที่บริษัทก่อตั้งการดำเนินงานใหม่ในประเทศใดประเทศ หนึ่งหรือลงทุนด้านอาคารสถานที่ใหม่ จึงมีผลอย่างมากต่อการสร้างงาน #IndoPacificBizForum",,,#IndoPacificBizForum,1191217408704274433,https://twitter.com/USEmbassyBKK/status/1191217408704274433
2019-11-04 04:54:56,USEmbassyBKK,,0,0,1,"ปี 60-61 การลงทุนแบบ Greenfield Investment ในUS ที่ประกาศลงทุนโดย #IndoPacific เพิ่มขึ้น 7.5% เป็น 439 โครงการ โดยUS ประกาศลงทุนการลงทุนแบบ Greenfield Investment ใน #IndoPacific เพิ่มขึ้นเกือบ 23% เป็น 1,022 โครงการ https://www.usaid.gov/indo-pacific-vision/econ #IndoPacificBizForum",,,#IndoPacific #IndoPacific #IndoPacificBizForum,1191217239510286336,https://twitter.com/USEmbassyBKK/status/1191217239510286336
2019-11-04 04:52:03,USEmbassyBKK,,0,0,3,"“EXIM ตั้งตารอที่จะได้ร่วมงานกับหุ้นส่วนของเราทั่วภูมิภาคอินโด-แปซิฟิก เพื่อเสริมสร้างความเข้มแข็งให้เศรษฐกิจของพวกเขา” - คิมเบอร์ลี่ เอ. รี้ด ประธานกก.บห. ธนาคาร @EximBankUS #IndoPacificBizForum",,@EximBankUS,#IndoPacificBizForum,1191216513392332801,https://twitter.com/USEmbassyBKK/status/1191216513392332801
2019-11-04 04:51:40,USEmbassyBKK,,0,4,3,"“EXIM looks forward to working with our partners across the Indo-Pacific region to strengthen their economies.” - Kimberly A. Reed, President and Chairman of @EximBankUS #IndoPacificBizForum",,@EximBankUS,#IndoPacificBizForum,1191216416776544256,https://twitter.com/USEmbassyBKK/status/1191216416776544256
2019-11-04 04:51:06,USEmbassyBKK,,0,0,1,"#อาเซียน คือจุดหมายปลายทางการลงทุนอันดับหนึ่งของสหรัฐฯ ใน #IndoPacific ปี 2561 การลงทุนสะสมของสหรัฐฯ ในอาเซียนมีมูลค่า 271,000 ล้านดอลลาร์สหรัฐ https://www.usaid.gov/indo-pacific-vision/econ #IndoPacificBizForum",,,#IndoPacific #IndoPacificBizForum,1191216275113988097,https://twitter.com/USEmbassyBKK/status/1191216275113988097
2019-11-04 04:48:59,USEmbassyBKK,,0,0,1,"มูลค่าการส่งออกสินค้าและบริการของ สหรัฐฯ ไปยังภูมิภาค #IndoPacific เพิ่มขึ้น 4.5% ในช่วงปีที่ผ่านมา https://www.usaid.gov/indo-pacific-vision/econ #IndoPacificBizForum",,,#IndoPacific #IndoPacificBizForum,1191215742491869187,https://twitter.com/USEmbassyBKK/status/1191215742491869187
2019-11-04 04:47:19,USEmbassyBKK,,0,0,1,"US เป็นแหล่งการลงทุนโดยตรงจากต่างประเทศ (FDI) ทีใหญ่ที่สุดใน #IndoPacific ในปี2561 การค้าสองฝ่ายระหว่างสหรัฐฯ กับภูมิภาคนี้มีมูลค่ากว่า 1.9 ล้านล้านดอลลาร์สหรัฐ สนับสนุนงานกว่า 3 ล้านตำแหน่งในสหรัฐฯ และ 5.1 ล้านตำแหน่งใน #IndoPacific https://www.usaid.gov/indo-pacific-vision/econ #IndoPacificBizForum",,,#IndoPacific #IndoPacific #IndoPacificBizForum,1191215322549735427,https://twitter.com/USEmbassyBKK/status/1191215322549735427
2019-11-04 04:39:12,USEmbassyBKK,USTDA,0,0,1,"โธมัส ฮาร์ดี รักษาการผอ. @USTDA จะนำการอภิปรายกลุ่มในหัวข้อ “Infrastructure Development in the Indo-Pacific” เวลา 14:15 วันนี้จาก #IndoPacificBizForum มาร่วมฟังความต้องการโครงสร้างพื้นฐาน ของ #IndoPacific และวิธีที่บริษัทอเมริกันจะเพิ่มสินค้าส่งออกได้ https://th.usembassy.gov/ipbf2019/",,@USTDA,#IndoPacificBizForum #IndoPacific,1191213279231610880,https://twitter.com/USEmbassyBKK/status/1191213279231610880
2019-11-04 04:35:18,USEmbassyBKK,,0,2,1,"คิมเบอร์ลี่ รี้ด ประธานกรรมการบริหาร #EXIM ขึ้นเวทีอภิปรายร่วมกับตัวแทนจากสำนักนายกรัฐมนตรีและหอการค้าไทย โดยคณะผู้อภิปรายพูดคุยกันเกี่ยวกับการขยายโอกาสธุรกิจการค้าในภูมิภาค #indopacific และการสร้างงานในสหรัฐฯ #IndoPacificBizForum Watch live: https://www.youtube.com/user/usembassybangkok/live",,,#EXIM #indopacific #IndoPacificBizForum,1191212299337363456,https://twitter.com/USEmbassyBKK/status/1191212299337363456
2019-11-04 04:34:03,USEmbassyBKK,,0,3,2,"Enhancing Shared Prosperity for a Free and Open Indo-Pacific. A snapshot of U.S. Government Efforts #IndoPacificBizForum",,,#IndoPacificBizForum,1191211985939001349,https://twitter.com/USEmbassyBKK/status/1191211985939001349
2019-11-04 04:28:46,USEmbassyBKK,USEmbassyBKK,0,3,3,"Live now! Panel at #IndoPacificBizForum on Expanding Commercial Opportunities in the #IndoPacific. This session will discuss which sectors see growth and how countries can create welcoming environments for companies that are interested in meeting this growing demand.",,,#IndoPacificBizForum #IndoPacific,1191210655442825216,https://twitter.com/USEmbassyBKK/status/1191210655442825216
2019-11-04 04:25:42,USEmbassyBKK,,0,1,2,"Read the snapshot to learn about the U.S. Government efforts to enhance shared prosperity for a free and open #IndoPacific over the last 2 years. https://www.usaid.gov/indo-pacific-vision/econ #IndoPacificBizForum",,,#IndoPacific #IndoPacificBizForum,1191209882902355968,https://twitter.com/USEmbassyBKK/status/1191209882902355968
2019-11-04 04:25:29,USEmbassyBKK,,0,2,4,"เพียง 2 ปี ความพยายามของทุกภาคส่วนของรัฐบาลสหรัฐฯ ได้สร้างประโยชน์ที่ยิ่งใหญ่ในวงกว้าง ช่วยให้บริษัทในสหรัฐฯ และ #อินโดแปซิฟิก ทำธุรกิจร่วมกันมากขึ้น https://www.usaid.gov/indo-pacific-vision/econ #IndoPacificBizForum",,,#IndoPacificBizForum,1191209828221243392,https://twitter.com/USEmbassyBKK/status/1191209828221243392
2019-11-04 04:22:18,USEmbassyBKK,,0,4,1,"ถ่ายทอดสดการอภิปรายหัวข้อ Expanding Commercial Opportunities in the #IndoPacific จากที่ประชุม #IndoPacificBizForum เพื่อหารือเกี่ยวกับการเติบโตของภาคส่วนต่างๆ และนานาชาติจะสร้างสภาพแวดล้อมที่เอื้อต่อบริษัทที่สนใจทำธุรกิจในภาคส่วนเหล่านี้ได้อย่างไร https://www.youtube.com/user/usembassybangkok/live",,,#IndoPacific #IndoPacificBizForum,1191209029952917504,https://twitter.com/USEmbassyBKK/status/1191209029952917504
2019-11-04 04:14:16,USEmbassyBKK,,0,1,0,"การแลกเปลี่ยนสินค้าและบริการระหว่าง U.S. และ #IndoPacific มีมูลค่าปีละ 1.9 ล้านล้านดอลลาร์สหรัฐ อีกทั้งยังช่วยให้สหรัฐฯ เป็นประเทศที่สร้างการลงทุนโดยตรงจากต่างประเทศสูงที่สุดในภูมิภาค #IndoPacificBizForum Watch live: https://www.youtube.com/user/usembassybangkok/live",,,#IndoPacific #IndoPacificBizForum,1191207007006543872,https://twitter.com/USEmbassyBKK/status/1191207007006543872
2019-11-04 04:08:33,USEmbassyBKK,,0,4,4,"ผู้บริหารของบริษัท U.S. ที่เข้าร่วมการประชุมเกือบ 200 คน เป็นตัวแทนของบริษัทที่มีนวัตกรรม ทรงอิทธิพล และได้รับความไว้วางใจเป็นอันดับต้นๆ ของโลก โดยมีรายได้รวมมูลค่ากว่า 2.8 ล้านล้านดอลลาร์สหรัฐต่อปี #IndoPacificBizForum http://th.usembassy.gov/ipbf2019",,,#IndoPacificBizForum,1191205568662212609,https://twitter.com/USEmbassyBKK/status/1191205568662212609
2019-11-04 04:04:41,USEmbassyBKK,USAsiaPacific,0,0,0,"ผู้ช่วยรมว.กต.สหรัฐฯ สติลเวลล์ และ ปลัดกต.ไทย บุษยา มาทแล็ง กระชับความสัมพันธ์ไทย-สหรัฐฯ ทั้งยังส่งเสริมความเป็นแกนกลางของ #อาเซียน ในอินโด-แปซิฟิก และสนับสนุนไทยในฐานะผู้นำ #ACMECS และข้อริเริ่มลุ่มน้ำโขงตอนล่างในการประชุมสุดยอดผู้นำเอเชียตะวันออก",,,#ACMECS,1191204594921005056,https://twitter.com/USEmbassyBKK/status/1191204594921005056
2019-11-04 04:04:15,USEmbassyBKK,,0,3,6,"ตัวแทนธุรกิจและผู้นำรัฐบาลกว่า 1,000 คน จาก U.S. และ #IndoPacific พบปะกันในการประชุม #IndoPacificBizForum ที่กรุงเทพฯ เมื่อวันที่ 4 พฤศจิกายน เพื่อส่งเสริมมูลค่าการลงทุนที่มีคุณภาพสูง สนับสนุนความโปร่งใส หลักนิติธรรม และการพัฒนาเศรษฐกิจโดยมีภาคเอกชนเป็นผู้นำ",,,#IndoPacific #IndoPacificBizForum,1191204486783463424,https://twitter.com/USEmbassyBKK/status/1191204486783463424
2019-11-04 04:02:36,USEmbassyBKK,,0,0,1,"บริษัท @IVLTeam ประจำประเทศไทย ผู้ผลิตโพลีเอสเตอร์และโพลีเอทิลีนเทเรฟทาเลตรายใหญ่ ได้ประกาศซื้อสินทรัพย์ปิโตรเคมี มูลค่า 2,000 ล้านดอลลาร์จากบริษัท Huntsman Corporation รวมทั้งโรงงาน 3 แห่งในเท็กซัส #IndoPacificBizForum https://th.usembassy.gov/ipbf2019",,@IVLTeam,#IndoPacificBizForum,1191204072159772672,https://twitter.com/USEmbassyBKK/status/1191204072159772672
2019-11-04 03:54:37,USEmbassyBKK,,0,3,2,"รบ. เวียดนามอนุมัติโครงการโรงผลิตไฟฟ้าพลังความร้อนร่วมแบบใช้กังหันก๊าซกำลังการผลิต 2.2 กิกะวัตต์ของ @theaescorp ในกันยายน ปี 2562 โรงผลิตไฟฟ้าแห่งนี้มีมูลค่าการลงทุนทั้งหมดเกือบ 3,000 ล้านดอลลาร์สหรัฐ และจะมีบทบาทสำคัญในการกำหนดอนาคตของภาคพลังงานในเวียดนาม #IndoPacificBizForum",,@TheAESCorp,#IndoPacificBizForum,1191202060307288064,https://twitter.com/USEmbassyBKK/status/1191202060307288064
2019-11-04 03:51:09,USEmbassyBKK,,0,1,0,"ศูนย์สนับสนุนของ @CommerceGov สนับสนุนบริษัทผู้ส่งออกอเมริกันที่ต้องการทำธุรกิจกับโครงการของภาครัฐ โดยปัจจุบันมีบริษัทส่งออกที่กำลังดำเนินการอยู่ใน #IndoPacific จำนวน 412 โครงการ คิดเป็นเงินมูลค่าประมาณ 631,000 ล้านดอลลาร์สหรัฐ #IndoPacificBizForum",,@CommerceGov,#IndoPacific #IndoPacificBizForum,1191201187376156673,https://twitter.com/USEmbassyBKK/status/1191201187376156673
2019-11-04 03:46:12,USEmbassyBKK,,0,2,0,"กระทรวง @CommerceGov ยังช่วยบริษัทใน #IndoPacific กว่า 2,500 แห่งหาโอกาสการลงทุนในสหรัฐฯ นำให้เกิดการลงทุนจากภูมิภาคอินโด-แปซิฟิกในสหรัฐฯ มูลค่า 18,000 ล้านเหรียญ #IndoPacificBizForum https://th.usembassy.gov/ipbf2019/",,@CommerceGov,#IndoPacific #IndoPacificBizForum,1191199944809467904,https://twitter.com/USEmbassyBKK/status/1191199944809467904
2019-11-04 03:44:55,USEmbassyBKK,,0,0,1,"นับตั้งแต่ก.ค. 2561 @CommerceGov ได้ช่วยเหลือบริษัทของสหรัฐฯ กว่า 9,000 แห่งในการดำเนินธุรกิจใน #IndoPacific และอำนวยความสะดวกในการส่งออกสินค้าของสหรัฐฯ มูลค่ากว่า 7,650 ล้านดอลลาร์สหรัฐ #IndoPacificBizForum https://th.usembassy.gov/ipbf2019/",,@CommerceGov,#IndoPacific #IndoPacificBizForum,1191199618123517952,https://twitter.com/USEmbassyBKK/status/1191199618123517952
2019-11-04 02:54:37,USEmbassyBKK,,2,14,24,"“The Trump Administration...is working with our partners around the Indo-Pacific to build better, fairer, and more reciprocal relationships.” - @SecretaryRoss of @CommerceGov at #IndoPacificBizForum",,@SecretaryRoss @CommerceGov,#IndoPacificBizForum,1191186961429491712,https://twitter.com/USEmbassyBKK/status/1191186961429491712
2019-11-04 02:54:12,USEmbassyBKK,,0,0,1,"“รัฐบาลปธน.ทรัมป์ดำเนินงานร่วมกับพันธมิตรอินโด-แปซิฟิก เพื่อสร้างความสัมพันธ์ที่ดีขึ้น เป็นธรรมมากขึ้น และยังประโยชน์ให้กับทุกฝ่ายมากกว่าที่ผ่านมา” - รมว. กระทรวง @CommerceGov วิลเบอร์ รอสส์ #IndoPacificBizForum",,@CommerceGov,#IndoPacificBizForum,1191186858044059648,https://twitter.com/USEmbassyBKK/status/1191186858044059648
2019-11-04 02:50:17,USEmbassyBKK,USAsiaPacific,0,0,1,"#IndoPacific #Transparency Initiative ส่งเสริมภาคประชาสังคม หลักนิติธรรม รัฐบาลที่โปร่งใสและมีความรับผิดชอบเพื่ออินโด-แปซิฟิกที่เสรีและเปิดกว้าง ทั้งยังเป็นส่วนสำคัญต่อนโยบายต่างประเทศและผลประโยชน์ด้านความมั่นคงแห่งชาติของสหรัฐฯ #IndoPacificBizForum #EastAsiaSummit",,,#IndoPacific #Transparency #IndoPacificBizForum #EastAsiaSummit,1191185870503571456,https://twitter.com/USEmbassyBKK/status/1191185870503571456
2019-11-04 02:47:23,USEmbassyBKK,USAsiaPacific,0,3,5,"สหรัฐฯ มีส่วนร่วมใกล้ชิดกับ 10 ประเทศสมาชิก #อาเซียน มากกว่าที่เคยเป็นมา โดยยินดีรับทัศนะอาเซียนว่าด้วย #อินโด-แปซิฟิก ซึ่งมีความสอดคล้องกับยุทธศาสตร์อินโด-แปซิฟิกของสหรัฐฯ http://bit.ly/2C5B6Zg",,,,1191185142984798208,https://twitter.com/USEmbassyBKK/status/1191185142984798208
2019-11-04 01:58:52,USEmbassyBKK,,0,4,5,"Interested in the facts and figures behind the United States’ partnership with other #IndoPacific countries? Check out our new report titled, “A Free and Open Indo-Pacific: Advancing a Shared Vision.” #IndoPacificReport",,,#IndoPacific #IndoPacificReport,1191172930593411072,https://twitter.com/USEmbassyBKK/status/1191172930593411072
2019-11-04 01:57:54,USEmbassyBKK,,0,3,5,"อยากรู้ข้อมูลตัวเลขจากความร่วมมือของสหรัฐฯ กับประเทศใน #IndoPacific? อ่าน “A Free and Open Indo-Pacific: Advancing a Shared Vision” รายงานฉบับใหม่ของเราได้ที่นี่ #IndoPacificReport https://www.state.gov/a-free-and-open-indo-pacific-advancing-a-shared-vision/",,,#IndoPacific #IndoPacificReport,1191172690490511360,https://twitter.com/USEmbassyBKK/status/1191172690490511360
2019-11-04 00:00:13,USEmbassyBKK,,1,2,1,"ชมถ่ายทอดสดการประชุม Indo-Pacific Business Forum และเรียนรู้เกี่ยวกับความร่วมมือระหว่างสหรัฐฯ และภูมิภาคอินโด-แปซิฟิค ตลอดวันนี้ ที่ http://th.usembassy.gov/ipbf2019/ ตั้งแต่ 8.30น. เป็นต้นไป #IndoPacificBizForum",,,#IndoPacificBizForum,1191143074346536960,https://twitter.com/USEmbassyBKK/status/1191143074346536960
2019-11-03 11:00:00,USEmbassyBKK,,0,2,4,"อย่าลืมติดตามถ่ายทอดสดการประชุม Indo-Pacific Business Forum ในวันที่ 4 พย. ตั้งแต่เวลา 8:30 น. ที่ https://th.usembassy.gov/ipbf2019/ มาฟังผู้นำสหรัฐฯ และอาเซียนหารือเรื่องโอกาสด้านเศรษฐกิจและการค้าในภูมิภาคอินโด-แปซิฟิก",,,,1190946724082139137,https://twitter.com/USEmbassyBKK/status/1190946724082139137
2019-11-03 10:31:41,USEmbassyBKK,eAsiaMediaHub,0,1,4,"ขอเชิญผู้สื่อข่าวร่วมรับฟังและพูดคุยกับรัฐมนตรีว่าการกระทรวงพาณิชย์สหรัฐฯ @SecretaryRoss ผ่านการประชุมโทรศัพท์ทางไกล ในวันที่ 5 พ.ย. 2562 จะหารือเรื่องการมีส่วนร่วมของรัฐบาลสหรัฐฯ ในการประชุม #IndoPacificBizForum และ #ASEAN2019 สำรองที่นั่งได้ที่ https://www.eventbrite.com/e/teleconference-with-wilbur-ross-secretary-of-commerce-tickets-79875059453",,@SecretaryRoss,#IndoPacificBizForum #ASEAN2019,1190939599779983361,https://twitter.com/USEmbassyBKK/status/1190939599779983361
2019-11-01 14:02:31,USEmbassyBKK,USAsiaPacific,24,3447,1271,"ผู้ช่วยรัฐมนตรีว่าการกระทรวงการต่างประเทศสหรัฐฯ สติลเวลล์ ยินดีที่ได้มีโอกาสพบปะกับสมาชิกสภาผู้แทนราษฎรของ #ไทย เพื่อทราบข้อมูลเพิ่มเติมเกี่ยวกับประชาธิปไตย กระบวนการยุติธรรม และสิทธิมนุษยชน",,,,1190267878626357249,https://twitter.com/USEmbassyBKK/status/1190267878626357249
2019-11-01 11:03:39,USEmbassyBKK,USEmbassyBKK,0,2,10,"#IndoPacificBizForum will take place in Bangkok on Nov 4. Tune into our livestream from the Forum at http://th.usembassy.gov/ipbf2019 from 8:30am Thailand time.",,,#IndoPacificBizForum,1190222866794475520,https://twitter.com/USEmbassyBKK/status/1190222866794475520
2019-11-01 11:00:32,USEmbassyBKK,,0,4,5,"ผู้ช่วยรมต.ตปท.สหรัฐฯ ฝ่าย @USAsiaPacific เดวิด อาร์. สติลเวลล์ เดินทางถึงกรุงเทพฯเพื่อเข้าร่วมการประชุมทวิภาคีกับ จนท.รัฐบาลไทยและองค์กรภาคประชาสังคม รวมทั้งประชุมทวิภาคีและพหุภาคีกับประเทศคู่เจรจาในภูมิภาคนอกรอบการประชุมสุดยอดเอเชียตะวันออก",,@USAsiaPacific,,1190222083348807681,https://twitter.com/USEmbassyBKK/status/1190222083348807681
2019-11-01 11:00:00,USEmbassyBKK,,0,0,1,"การประชุม #IndoPacificBizForum ที่กรุงเทพฯ วันจันทร์ที่ 4 พย.นี้ สามารถติดตามการถ่ายทอดสดจากการประชุมได้ที่ http://th.usembassy.gov/ipbf2019 ตั้งแต่เวลา 08:30น.",,,#IndoPacificBizForum,1190221950783643648,https://twitter.com/USEmbassyBKK/status/1190221950783643648
2019-11-01 10:56:25,USEmbassyBKK,,0,2,4,"Asst.Sec. Stilwell of @USAsiaPacific arrived Bangkok to begin a four-day visit of meetings w/ Thai gov. officials and civil society organizations, as well as bilateral and multilateral meetings with regional partners on the margins of the East Asia Summit.",,@USAsiaPacific,,1190221045292130304,https://twitter.com/USEmbassyBKK/status/1190221045292130304
2019-11-01 09:00:00,USEmbassyBKK,,0,6,7,"“ความสัมพันธ์ที่ใกล้ชิดระหว่างเรากับไทยและประเทศคู่เจรจาอื่นๆ ในภูมิภาค ยังคงเป็นเสาหลักของความมุ่งมั่นที่สหรัฐฯ มีต่อภูมิภาคอินโด-แปซิฟิก” - เดวิด อาร์. สติลเวลล์ ผู้ช่วยรมต.ตปท.สหรัฐฯ ฝ่าย @USAsiaPacific ได้มาถึงไทยแล้ววันนี้เพื่อเข้าร่วม #ASEAN2019th และ #IndoPacificBizForum",,@USAsiaPacific,#ASEAN2019th #IndoPacificBizForum,1190191750729457664,https://twitter.com/USEmbassyBKK/status/1190191750729457664
2019-11-01 03:34:59,USEmbassyBKK,USEmbassyBKK,0,2,1,"The Indo-Pacific Business Forum, which will take place on November 4 in Bangkok, Thailand, will showcase the economic ties that have contributed to economic growth and prosperity in both the Indo-Pacific and the United States.",,,,1190109957355495425,https://twitter.com/USEmbassyBKK/status/1190109957355495425
2019-11-01 03:00:26,USEmbassyBKK,,0,1,8,"การประชุม Indo-Pacific Business Forum ที่จัดขึ้นในกรุงเทพฯ วันที่ 4 พฤศจิกายนนี้ แสดงให้เห็นถึงความสัมพันธ์ด้านเศรษฐกิจที่ส่งผลต่อการเติบโตและความเจริญมั่งคั่งทั้งในภูมิภาคอินโด-แปซิฟิก และสหรัฐฯ #IndoPacificBizForum",,,#IndoPacificBizForum,1190101263242989569,https://twitter.com/USEmbassyBKK/status/1190101263242989569
2019-11-01 02:00:22,USEmbassyBKK,,0,4,3,"#รู้หรือไม่ ว่ากรุงเทพฯ เป็นบ้านเกิดของ @ASEAN เมื่อ “รัฐก่อตั้งเริ่มแรก 5 ประเทศ” ลงนามใน #ปฏิญญากรุงเทพ อ่านข้อมูลเพิ่มเติมที่นี่ https://asean.org/asean/about-asean/history/ - ภาพถ่ายโดย @ASEAN Secretariat",,@ASEAN @ASEAN,,1190086144870043648,https://twitter.com/USEmbassyBKK/status/1190086144870043648
2019-11-01 02:00:21,USEmbassyBKK,,0,1,2,"#DidYouKnow that #Bangkok is the birthplace of @ASEAN? The #BangkokDeclaration was signed by “The First Five”. Learn more here: http://ow.ly/pQN050wX1BX - Photo by @ASEAN Secretariat",,@ASEAN @ASEAN,#DidYouKnow #Bangkok #BangkokDeclaration,1190086139744522241,https://twitter.com/USEmbassyBKK/status/1190086139744522241
